data,produto,preco,status,link
2025-11-20 22:07:52,,0.0,Falha: Layout mudou ou não encontrou elementos,
2025-11-20 22:12:05,Desconhecido,0.0,Falha: Preço não encontrado (Seletores falharam),
2025-11-20 22:16:16,Desconhecido,0.0,Falha: Não foi possível achar o preço nem via Meta nem Visual.,
2025-11-20 22:22:09,PlayStation 5 Edição Digital (Slim),2999.0,Sucesso,
2025-11-20 22:26:50,Erro,0.0,Falha,https://www.amazon.com.br/PlayStation-5-Slim-Edi%C3%A7%C3%A3o-Digital/dp/B0CL5KNB9M/
2025-11-20 22:26:50,Erro,0.0,Falha,https://www.amazon.com.br/Apple-iPhone-15-128-GB/dp/B0CHH5H7Z7/
2025-11-20 22:32:04,PlayStation 5 Edição Digital (Slim),2999.0,Sucesso,https://www.amazon.com.br/PlayStation-5-Slim-Edi%C3%A7%C3%A3o-Digital/dp/B0CL5KNB9M/
2025-11-20 22:32:04,Erro,0.0,Falha,https://www.amazon.com.br/Apple-iPhone-15-128-GB/dp/B0CHH5H7Z7/
2025-11-21 03:36:54,Erro,0.0,Falha,https://www.amazon.com.br/PlayStation-5-Slim-Edi%C3%A7%C3%A3o-Digital/dp/B0CL5KNB9M/
2025-11-21 03:36:54,Erro,0.0,Falha,https://www.amazon.com.br/Apple-iPhone-15-128-GB/dp/B0CHH5H7Z7/
2025-11-21 06:58:25,Erro,0.0,Falha,https://www.amazon.com.br/PlayStation-5-Slim-Edi%C3%A7%C3%A3o-Digital/dp/B0CL5KNB9M/
2025-11-21 06:58:25,Erro,0.0,Falha,https://www.amazon.com.br/Apple-iPhone-15-128-GB/dp/B0CHH5H7Z7/
2025-11-21 13:38:46,PlayStation 5 Edição Digital (Slim),2999.0,Sucesso,https://www.amazon.com.br/PlayStation-5-Slim-Edi%C3%A7%C3%A3o-Digital/dp/B0CL5KNB9M/
2025-11-21 13:38:46,Erro,0.0,Falha,https://www.amazon.com.br/Apple-iPhone-15-128-GB/dp/B0CHH5H7Z7/
2025-11-21 18:49:55,Erro,0.0,Falha,https://www.amazon.com.br/PlayStation-5-Slim-Edi%C3%A7%C3%A3o-Digital/dp/B0CL5KNB9M/
2025-11-21 18:49:55,Erro,0.0,Falha,https://www.amazon.com.br/Apple-iPhone-15-128-GB/dp/B0CHH5H7Z7/
2025-11-22 03:19:05,Erro,0.0,Falha,https://www.amazon.com.br/PlayStation-5-Slim-Edi%C3%A7%C3%A3o-Digital/dp/B0CL5KNB9M/
2025-11-22 03:19:05,Erro,0.0,Falha,https://www.amazon.com.br/Apple-iPhone-15-128-GB/dp/B0CHH5H7Z7/
2025-11-22 06:51:03,PlayStation 5 Edição Digital (Slim),2999.0,Sucesso,https://www.amazon.com.br/PlayStation-5-Slim-Edi%C3%A7%C3%A3o-Digital/dp/B0CL5KNB9M/
2025-11-22 06:51:03,Erro,0.0,Falha,https://www.amazon.com.br/Apple-iPhone-15-128-GB/dp/B0CHH5H7Z7/
2025-11-22 13:07:43,Erro,0.0,Falha,https://www.amazon.com.br/PlayStation-5-Slim-Edi%C3%A7%C3%A3o-Digital/dp/B0CL5KNB9M/
2025-11-22 13:07:43,Erro,0.0,Falha,https://www.amazon.com.br/Apple-iPhone-15-128-GB/dp/B0CHH5H7Z7/
2025-11-22 18:50:04,Erro,0.0,Falha,https://www.amazon.com.br/PlayStation-5-Slim-Edi%C3%A7%C3%A3o-Digital/dp/B0CL5KNB9M/
2025-11-22 18:50:04,Erro,0.0,Falha,https://www.amazon.com.br/Apple-iPhone-15-128-GB/dp/B0CHH5H7Z7/
2025-11-23 03:53:07,Erro,0.0,Falha,https://www.amazon.com.br/PlayStation-5-Slim-Edi%C3%A7%C3%A3o-Digital/dp/B0CL5KNB9M/
2025-11-23 03:53:07,Erro,0.0,Falha,https://www.amazon.com.br/Apple-iPhone-15-128-GB/dp/B0CHH5H7Z7/
2025-11-23 06:53:40,PlayStation 5 Edição Digital (Slim),2999.0,Sucesso,https://www.amazon.com.br/PlayStation-5-Slim-Edi%C3%A7%C3%A3o-Digital/dp/B0CL5KNB9M/
2025-11-23 06:53:40,Erro,0.0,Falha,https://www.amazon.com.br/Apple-iPhone-15-128-GB/dp/B0CHH5H7Z7/
2025-11-23 13:07:34,PlayStation 5 Edição Digital (Slim),2999.0,Sucesso,https://www.amazon.com.br/PlayStation-5-Slim-Edi%C3%A7%C3%A3o-Digital/dp/B0CL5KNB9M/
2025-11-23 13:07:34,Erro,0.0,Falha,https://www.amazon.com.br/Apple-iPhone-15-128-GB/dp/B0CHH5H7Z7/
2025-11-23 18:51:59,Erro,0.0,Falha,https://www.amazon.com.br/PlayStation-5-Slim-Edi%C3%A7%C3%A3o-Digital/dp/B0CL5KNB9M/
2025-11-23 18:51:59,Erro,0.0,Falha,https://www.amazon.com.br/Apple-iPhone-15-128-GB/dp/B0CHH5H7Z7/
2025-11-24 03:52:12,Erro,0.0,Falha,https://www.amazon.com.br/PlayStation-5-Slim-Edi%C3%A7%C3%A3o-Digital/dp/B0CL5KNB9M/
2025-11-24 03:52:12,Erro,0.0,Falha,https://www.amazon.com.br/Apple-iPhone-15-128-GB/dp/B0CHH5H7Z7/
2025-11-24 06:57:07,Erro,0.0,Falha,https://www.amazon.com.br/PlayStation-5-Slim-Edi%C3%A7%C3%A3o-Digital/dp/B0CL5KNB9M/
2025-11-24 06:57:07,Erro,0.0,Falha,https://www.amazon.com.br/Apple-iPhone-15-128-GB/dp/B0CHH5H7Z7/
2025-11-24 13:48:32,PlayStation 5 Edição Digital (Slim),2999.0,Sucesso,https://www.amazon.com.br/PlayStation-5-Slim-Edi%C3%A7%C3%A3o-Digital/dp/B0CL5KNB9M/
2025-11-24 13:48:32,Erro,0.0,Falha,https://www.amazon.com.br/Apple-iPhone-15-128-GB/dp/B0CHH5H7Z7/
2025-11-24 18:56:45,Erro,0.0,Falha,https://www.amazon.com.br/PlayStation-5-Slim-Edi%C3%A7%C3%A3o-Digital/dp/B0CL5KNB9M/
2025-11-24 18:56:45,Erro,0.0,Falha,https://www.amazon.com.br/Apple-iPhone-15-128-GB/dp/B0CHH5H7Z7/
2025-11-25 03:41:54,PlayStation 5 Edição Digital (Slim),2999.0,Sucesso,https://www.amazon.com.br/PlayStation-5-Slim-Edi%C3%A7%C3%A3o-Digital/dp/B0CL5KNB9M/
2025-11-25 03:41:54,Erro,0.0,Falha,https://www.amazon.com.br/Apple-iPhone-15-128-GB/dp/B0CHH5H7Z7/
2025-11-25 06:58:42,PlayStation 5 Edição Digital (Slim),2999.0,Sucesso,https://www.amazon.com.br/PlayStation-5-Slim-Edi%C3%A7%C3%A3o-Digital/dp/B0CL5KNB9M/
2025-11-25 06:58:42,Erro,0.0,Falha,https://www.amazon.com.br/Apple-iPhone-15-128-GB/dp/B0CHH5H7Z7/
2025-11-25 13:48:40,Erro,0.0,Falha,https://www.amazon.com.br/PlayStation-5-Slim-Edi%C3%A7%C3%A3o-Digital/dp/B0CL5KNB9M/
2025-11-25 13:48:40,Erro,0.0,Falha,https://www.amazon.com.br/Apple-iPhone-15-128-GB/dp/B0CHH5H7Z7/
2025-11-25 18:54:37,PlayStation 5 Edição Digital (Slim),2999.0,Sucesso,https://www.amazon.com.br/PlayStation-5-Slim-Edi%C3%A7%C3%A3o-Digital/dp/B0CL5KNB9M/
2025-11-25 18:54:37,Erro,0.0,Falha,https://www.amazon.com.br/Apple-iPhone-15-128-GB/dp/B0CHH5H7Z7/
2025-11-26 03:42:00,Erro,0.0,Falha,https://www.amazon.com.br/PlayStation-5-Slim-Edi%C3%A7%C3%A3o-Digital/dp/B0CL5KNB9M/
2025-11-26 03:42:00,Erro,0.0,Falha,https://www.amazon.com.br/Apple-iPhone-15-128-GB/dp/B0CHH5H7Z7/
2025-11-26 06:58:41,Erro,0.0,Falha,https://www.amazon.com.br/PlayStation-5-Slim-Edi%C3%A7%C3%A3o-Digital/dp/B0CL5KNB9M/
2025-11-26 06:58:41,Erro,0.0,Falha,https://www.amazon.com.br/Apple-iPhone-15-128-GB/dp/B0CHH5H7Z7/
2025-11-26 13:50:05,PlayStation 5 Edição Digital (Slim),379.0,Sucesso,https://www.amazon.com.br/PlayStation-5-Slim-Edi%C3%A7%C3%A3o-Digital/dp/B0CL5KNB9M/
2025-11-26 13:50:05,Erro,0.0,Falha,https://www.amazon.com.br/Apple-iPhone-15-128-GB/dp/B0CHH5H7Z7/
2025-11-26 18:51:29,Erro,0.0,Falha,https://www.amazon.com.br/PlayStation-5-Slim-Edi%C3%A7%C3%A3o-Digital/dp/B0CL5KNB9M/
2025-11-26 18:51:29,Erro,0.0,Falha,https://www.amazon.com.br/Apple-iPhone-15-128-GB/dp/B0CHH5H7Z7/
2025-11-27 03:37:51,PlayStation 5 Edição Digital (Slim),379.0,Sucesso,https://www.amazon.com.br/PlayStation-5-Slim-Edi%C3%A7%C3%A3o-Digital/dp/B0CL5KNB9M/
2025-11-27 03:37:51,Erro,0.0,Falha,https://www.amazon.com.br/Apple-iPhone-15-128-GB/dp/B0CHH5H7Z7/
2025-11-27 06:58:57,PlayStation 5 Edição Digital (Slim),379.0,Sucesso,https://www.amazon.com.br/PlayStation-5-Slim-Edi%C3%A7%C3%A3o-Digital/dp/B0CL5KNB9M/
2025-11-27 06:58:57,Erro,0.0,Falha,https://www.amazon.com.br/Apple-iPhone-15-128-GB/dp/B0CHH5H7Z7/
2025-11-27 13:45:45,PlayStation 5 Edição Digital (Slim),379.0,Sucesso,https://www.amazon.com.br/PlayStation-5-Slim-Edi%C3%A7%C3%A3o-Digital/dp/B0CL5KNB9M/
2025-11-27 13:45:45,Erro,0.0,Falha,https://www.amazon.com.br/Apple-iPhone-15-128-GB/dp/B0CHH5H7Z7/
2025-11-27 18:52:09,Erro,0.0,Falha,https://www.amazon.com.br/PlayStation-5-Slim-Edi%C3%A7%C3%A3o-Digital/dp/B0CL5KNB9M/
2025-11-27 18:52:09,Erro,0.0,Falha,https://www.amazon.com.br/Apple-iPhone-15-128-GB/dp/B0CHH5H7Z7/
2025-11-28 03:38:13,Erro,0.0,Falha,https://www.amazon.com.br/PlayStation-5-Slim-Edi%C3%A7%C3%A3o-Digital/dp/B0CL5KNB9M/
2025-11-28 03:38:13,Erro,0.0,Falha,https://www.amazon.com.br/Apple-iPhone-15-128-GB/dp/B0CHH5H7Z7/
2025-11-28 06:59:02,Erro,0.0,Falha,https://www.amazon.com.br/PlayStation-5-Slim-Edi%C3%A7%C3%A3o-Digital/dp/B0CL5KNB9M/
2025-11-28 06:59:02,Erro,0.0,Falha,https://www.amazon.com.br/Apple-iPhone-15-128-GB/dp/B0CHH5H7Z7/
2025-11-28 13:41:06,Erro,0.0,Falha,https://www.amazon.com.br/PlayStation-5-Slim-Edi%C3%A7%C3%A3o-Digital/dp/B0CL5KNB9M/
2025-11-28 13:41:06,Erro,0.0,Falha,https://www.amazon.com.br/Apple-iPhone-15-128-GB/dp/B0CHH5H7Z7/
2025-11-28 18:55:24,Erro,0.0,Falha,https://www.amazon.com.br/PlayStation-5-Slim-Edi%C3%A7%C3%A3o-Digital/dp/B0CL5KNB9M/
2025-11-28 18:55:24,Erro,0.0,Falha,https://www.amazon.com.br/Apple-iPhone-15-128-GB/dp/B0CHH5H7Z7/
2025-11-29 03:38:33,PlayStation 5 Edição Digital (Slim),389.0,Sucesso,https://www.amazon.com.br/PlayStation-5-Slim-Edi%C3%A7%C3%A3o-Digital/dp/B0CL5KNB9M/
2025-11-29 03:38:33,Erro,0.0,Falha,https://www.amazon.com.br/Apple-iPhone-15-128-GB/dp/B0CHH5H7Z7/
2025-11-29 06:54:21,Erro,0.0,Falha,https://www.amazon.com.br/PlayStation-5-Slim-Edi%C3%A7%C3%A3o-Digital/dp/B0CL5KNB9M/
2025-11-29 06:54:21,Erro,0.0,Falha,https://www.amazon.com.br/Apple-iPhone-15-128-GB/dp/B0CHH5H7Z7/
2025-11-29 13:20:01,Erro,0.0,Falha,https://www.amazon.com.br/PlayStation-5-Slim-Edi%C3%A7%C3%A3o-Digital/dp/B0CL5KNB9M/
2025-11-29 13:20:01,Erro,0.0,Falha,https://www.amazon.com.br/Apple-iPhone-15-128-GB/dp/B0CHH5H7Z7/
2025-11-29 18:52:09,Erro,0.0,Falha,https://www.amazon.com.br/PlayStation-5-Slim-Edi%C3%A7%C3%A3o-Digital/dp/B0CL5KNB9M/
2025-11-29 18:52:09,Erro,0.0,Falha,https://www.amazon.com.br/Apple-iPhone-15-128-GB/dp/B0CHH5H7Z7/
2025-11-30 03:53:06,PlayStation 5 Edição Digital (Slim),2999.0,Sucesso,https://www.amazon.com.br/PlayStation-5-Slim-Edi%C3%A7%C3%A3o-Digital/dp/B0CL5KNB9M/
2025-11-30 03:53:06,Erro,0.0,Falha,https://www.amazon.com.br/Apple-iPhone-15-128-GB/dp/B0CHH5H7Z7/
2025-11-30 06:55:48,Erro,0.0,Falha,https://www.amazon.com.br/PlayStation-5-Slim-Edi%C3%A7%C3%A3o-Digital/dp/B0CL5KNB9M/
2025-11-30 06:55:48,Erro,0.0,Falha,https://www.amazon.com.br/Apple-iPhone-15-128-GB/dp/B0CHH5H7Z7/
2025-11-30 13:20:16,Erro,0.0,Falha,https://www.amazon.com.br/PlayStation-5-Slim-Edi%C3%A7%C3%A3o-Digital/dp/B0CL5KNB9M/
2025-11-30 13:20:16,Erro,0.0,Falha,https://www.amazon.com.br/Apple-iPhone-15-128-GB/dp/B0CHH5H7Z7/
2025-11-30 18:51:04,Erro,0.0,Falha,https://www.amazon.com.br/PlayStation-5-Slim-Edi%C3%A7%C3%A3o-Digital/dp/B0CL5KNB9M/
2025-11-30 18:51:04,Erro,0.0,Falha,https://www.amazon.com.br/Apple-iPhone-15-128-GB/dp/B0CHH5H7Z7/
2025-12-01 04:20:20,Erro,0.0,Falha,https://www.amazon.com.br/PlayStation-5-Slim-Edi%C3%A7%C3%A3o-Digital/dp/B0CL5KNB9M/
2025-12-01 04:20:20,Erro,0.0,Falha,https://www.amazon.com.br/Apple-iPhone-15-128-GB/dp/B0CHH5H7Z7/
2025-12-01 07:01:13,PlayStation 5 Edição Digital (Slim),2999.0,Sucesso,https://www.amazon.com.br/PlayStation-5-Slim-Edi%C3%A7%C3%A3o-Digital/dp/B0CL5KNB9M/
2025-12-01 07:01:13,Erro,0.0,Falha,https://www.amazon.com.br/Apple-iPhone-15-128-GB/dp/B0CHH5H7Z7/
2025-12-01 13:51:03,Erro,0.0,Falha,https://www.amazon.com.br/PlayStation-5-Slim-Edi%C3%A7%C3%A3o-Digital/dp/B0CL5KNB9M/
2025-12-01 13:51:03,Erro,0.0,Falha,https://www.amazon.com.br/Apple-iPhone-15-128-GB/dp/B0CHH5H7Z7/
2025-12-01 19:02:24,Erro,0.0,Falha,https://www.amazon.com.br/PlayStation-5-Slim-Edi%C3%A7%C3%A3o-Digital/dp/B0CL5KNB9M/
2025-12-01 19:02:24,Erro,0.0,Falha,https://www.amazon.com.br/Apple-iPhone-15-128-GB/dp/B0CHH5H7Z7/
2025-12-02 03:45:54,Erro,0.0,Falha,https://www.amazon.com.br/PlayStation-5-Slim-Edi%C3%A7%C3%A3o-Digital/dp/B0CL5KNB9M/
2025-12-02 03:45:54,Erro,0.0,Falha,https://www.amazon.com.br/Apple-iPhone-15-128-GB/dp/B0CHH5H7Z7/
2025-12-02 06:59:49,Erro,0.0,Falha,https://www.amazon.com.br/PlayStation-5-Slim-Edi%C3%A7%C3%A3o-Digital/dp/B0CL5KNB9M/
2025-12-02 06:59:49,Erro,0.0,Falha,https://www.amazon.com.br/Apple-iPhone-15-128-GB/dp/B0CHH5H7Z7/
2025-12-02 13:51:42,PlayStation 5 Edição Digital (Slim),3499.0,Sucesso,https://www.amazon.com.br/PlayStation-5-Slim-Edi%C3%A7%C3%A3o-Digital/dp/B0CL5KNB9M/
2025-12-02 13:51:42,Erro,0.0,Falha,https://www.amazon.com.br/Apple-iPhone-15-128-GB/dp/B0CHH5H7Z7/
2025-12-02 19:00:57,Erro,0.0,Falha,https://www.amazon.com.br/PlayStation-5-Slim-Edi%C3%A7%C3%A3o-Digital/dp/B0CL5KNB9M/
2025-12-02 19:00:57,Erro,0.0,Falha,https://www.amazon.com.br/Apple-iPhone-15-128-GB/dp/B0CHH5H7Z7/
2025-12-03 03:45:46,Erro,0.0,Falha,https://www.amazon.com.br/PlayStation-5-Slim-Edi%C3%A7%C3%A3o-Digital/dp/B0CL5KNB9M/
2025-12-03 03:45:46,Erro,0.0,Falha,https://www.amazon.com.br/Apple-iPhone-15-128-GB/dp/B0CHH5H7Z7/
2025-12-03 06:58:06,Erro,0.0,Falha,https://www.amazon.com.br/PlayStation-5-Slim-Edi%C3%A7%C3%A3o-Digital/dp/B0CL5KNB9M/
2025-12-03 06:58:06,Erro,0.0,Falha,https://www.amazon.com.br/Apple-iPhone-15-128-GB/dp/B0CHH5H7Z7/
2025-12-03 13:51:44,Erro,0.0,Falha,https://www.amazon.com.br/PlayStation-5-Slim-Edi%C3%A7%C3%A3o-Digital/dp/B0CL5KNB9M/
2025-12-03 13:51:44,Erro,0.0,Falha,https://www.amazon.com.br/Apple-iPhone-15-128-GB/dp/B0CHH5H7Z7/
2025-12-03 18:57:46,Erro,0.0,Falha,https://www.amazon.com.br/PlayStation-5-Slim-Edi%C3%A7%C3%A3o-Digital/dp/B0CL5KNB9M/
2025-12-03 18:57:46,Erro,0.0,Falha,https://www.amazon.com.br/Apple-iPhone-15-128-GB/dp/B0CHH5H7Z7/
2025-12-04 03:47:34,Erro,0.0,Falha,https://www.amazon.com.br/PlayStation-5-Slim-Edi%C3%A7%C3%A3o-Digital/dp/B0CL5KNB9M/
2025-12-04 03:47:34,Erro,0.0,Falha,https://www.amazon.com.br/Apple-iPhone-15-128-GB/dp/B0CHH5H7Z7/
2025-12-04 06:58:00,Erro,0.0,Falha,https://www.amazon.com.br/PlayStation-5-Slim-Edi%C3%A7%C3%A3o-Digital/dp/B0CL5KNB9M/
2025-12-04 06:58:00,Erro,0.0,Falha,https://www.amazon.com.br/Apple-iPhone-15-128-GB/dp/B0CHH5H7Z7/
2025-12-04 13:51:31,PlayStation 5 Edição Digital (Slim),3699.0,Sucesso,https://www.amazon.com.br/PlayStation-5-Slim-Edi%C3%A7%C3%A3o-Digital/dp/B0CL5KNB9M/
2025-12-04 13:51:31,Erro,0.0,Falha,https://www.amazon.com.br/Apple-iPhone-15-128-GB/dp/B0CHH5H7Z7/
2025-12-04 18:59:44,Erro,0.0,Falha,https://www.amazon.com.br/PlayStation-5-Slim-Edi%C3%A7%C3%A3o-Digital/dp/B0CL5KNB9M/
2025-12-04 18:59:44,Erro,0.0,Falha,https://www.amazon.com.br/Apple-iPhone-15-128-GB/dp/B0CHH5H7Z7/
2025-12-05 03:44:04,Erro,0.0,Falha,https://www.amazon.com.br/PlayStation-5-Slim-Edi%C3%A7%C3%A3o-Digital/dp/B0CL5KNB9M/
2025-12-05 03:44:04,Erro,0.0,Falha,https://www.amazon.com.br/Apple-iPhone-15-128-GB/dp/B0CHH5H7Z7/
2025-12-05 06:58:28,Erro,0.0,Falha,https://www.amazon.com.br/PlayStation-5-Slim-Edi%C3%A7%C3%A3o-Digital/dp/B0CL5KNB9M/
2025-12-05 06:58:28,Erro,0.0,Falha,https://www.amazon.com.br/Apple-iPhone-15-128-GB/dp/B0CHH5H7Z7/
2025-12-05 13:45:31,Erro,0.0,Falha,https://www.amazon.com.br/PlayStation-5-Slim-Edi%C3%A7%C3%A3o-Digital/dp/B0CL5KNB9M/
2025-12-05 13:45:31,Erro,0.0,Falha,https://www.amazon.com.br/Apple-iPhone-15-128-GB/dp/B0CHH5H7Z7/
2025-12-05 18:52:56,Erro,0.0,Falha,https://www.amazon.com.br/PlayStation-5-Slim-Edi%C3%A7%C3%A3o-Digital/dp/B0CL5KNB9M/
2025-12-05 18:52:56,Erro,0.0,Falha,https://www.amazon.com.br/Apple-iPhone-15-128-GB/dp/B0CHH5H7Z7/
2025-12-06 03:33:46,Erro,0.0,Falha,https://www.amazon.com.br/PlayStation-5-Slim-Edi%C3%A7%C3%A3o-Digital/dp/B0CL5KNB9M/
2025-12-06 03:33:46,Erro,0.0,Falha,https://www.amazon.com.br/Apple-iPhone-15-128-GB/dp/B0CHH5H7Z7/
2025-12-06 06:52:12,Erro,0.0,Falha,https://www.amazon.com.br/PlayStation-5-Slim-Edi%C3%A7%C3%A3o-Digital/dp/B0CL5KNB9M/
2025-12-06 06:52:12,Erro,0.0,Falha,https://www.amazon.com.br/Apple-iPhone-15-128-GB/dp/B0CHH5H7Z7/
2025-12-06 13:18:51,Erro,0.0,Falha,https://www.amazon.com.br/PlayStation-5-Slim-Edi%C3%A7%C3%A3o-Digital/dp/B0CL5KNB9M/
2025-12-06 13:18:51,Erro,0.0,Falha,https://www.amazon.com.br/Apple-iPhone-15-128-GB/dp/B0CHH5H7Z7/
2025-12-06 18:49:52,Erro,0.0,Falha,https://www.amazon.com.br/PlayStation-5-Slim-Edi%C3%A7%C3%A3o-Digital/dp/B0CL5KNB9M/
2025-12-06 18:49:52,Erro,0.0,Falha,https://www.amazon.com.br/Apple-iPhone-15-128-GB/dp/B0CHH5H7Z7/
2025-12-07 03:51:30,PlayStation 5 Edição Digital (Slim),3654.0,Sucesso,https://www.amazon.com.br/PlayStation-5-Slim-Edi%C3%A7%C3%A3o-Digital/dp/B0CL5KNB9M/
2025-12-07 03:51:30,Erro,0.0,Falha,https://www.amazon.com.br/Apple-iPhone-15-128-GB/dp/B0CHH5H7Z7/
2025-12-07 06:52:10,PlayStation 5 Edição Digital (Slim),3654.0,Sucesso,https://www.amazon.com.br/PlayStation-5-Slim-Edi%C3%A7%C3%A3o-Digital/dp/B0CL5KNB9M/
2025-12-07 06:52:10,Erro,0.0,Falha,https://www.amazon.com.br/Apple-iPhone-15-128-GB/dp/B0CHH5H7Z7/
2025-12-07 13:17:36,Erro,0.0,Falha,https://www.amazon.com.br/PlayStation-5-Slim-Edi%C3%A7%C3%A3o-Digital/dp/B0CL5KNB9M/
2025-12-07 13:17:36,Erro,0.0,Falha,https://www.amazon.com.br/Apple-iPhone-15-128-GB/dp/B0CHH5H7Z7/
2025-12-07 18:49:56,Erro,0.0,Falha,https://www.amazon.com.br/PlayStation-5-Slim-Edi%C3%A7%C3%A3o-Digital/dp/B0CL5KNB9M/
2025-12-07 18:49:56,Erro,0.0,Falha,https://www.amazon.com.br/Apple-iPhone-15-128-GB/dp/B0CHH5H7Z7/
2025-12-08 03:49:19,Erro,0.0,Falha,https://www.amazon.com.br/PlayStation-5-Slim-Edi%C3%A7%C3%A3o-Digital/dp/B0CL5KNB9M/
2025-12-08 03:49:19,Erro,0.0,Falha,https://www.amazon.com.br/Apple-iPhone-15-128-GB/dp/B0CHH5H7Z7/
2025-12-08 07:01:37,Erro,0.0,Falha,https://www.amazon.com.br/PlayStation-5-Slim-Edi%C3%A7%C3%A3o-Digital/dp/B0CL5KNB9M/
2025-12-08 07:01:37,Erro,0.0,Falha,https://www.amazon.com.br/Apple-iPhone-15-128-GB/dp/B0CHH5H7Z7/
2025-12-08 13:49:52,Erro,0.0,Falha,https://www.amazon.com.br/PlayStation-5-Slim-Edi%C3%A7%C3%A3o-Digital/dp/B0CL5KNB9M/
2025-12-08 13:49:52,Erro,0.0,Falha,https://www.amazon.com.br/Apple-iPhone-15-128-GB/dp/B0CHH5H7Z7/
2025-12-08 18:55:08,Erro,0.0,Falha,https://www.amazon.com.br/PlayStation-5-Slim-Edi%C3%A7%C3%A3o-Digital/dp/B0CL5KNB9M/
2025-12-08 18:55:08,Erro,0.0,Falha,https://www.amazon.com.br/Apple-iPhone-15-128-GB/dp/B0CHH5H7Z7/
2025-12-09 03:43:57,Erro,0.0,Falha,https://www.amazon.com.br/PlayStation-5-Slim-Edi%C3%A7%C3%A3o-Digital/dp/B0CL5KNB9M/
2025-12-09 03:43:57,Erro,0.0,Falha,https://www.amazon.com.br/Apple-iPhone-15-128-GB/dp/B0CHH5H7Z7/
2025-12-09 06:58:51,Erro,0.0,Falha,https://www.amazon.com.br/PlayStation-5-Slim-Edi%C3%A7%C3%A3o-Digital/dp/B0CL5KNB9M/
2025-12-09 06:58:51,Erro,0.0,Falha,https://www.amazon.com.br/Apple-iPhone-15-128-GB/dp/B0CHH5H7Z7/
2025-12-09 13:49:45,Erro,0.0,Falha,https://www.amazon.com.br/PlayStation-5-Slim-Edi%C3%A7%C3%A3o-Digital/dp/B0CL5KNB9M/
2025-12-09 13:49:45,Erro,0.0,Falha,https://www.amazon.com.br/Apple-iPhone-15-128-GB/dp/B0CHH5H7Z7/
2025-12-09 18:54:34,PlayStation 5 Edição Digital (Slim),3402.0,Sucesso,https://www.amazon.com.br/PlayStation-5-Slim-Edi%C3%A7%C3%A3o-Digital/dp/B0CL5KNB9M/
2025-12-09 18:54:34,Erro,0.0,Falha,https://www.amazon.com.br/Apple-iPhone-15-128-GB/dp/B0CHH5H7Z7/
2025-12-10 03:49:26,Erro,0.0,Falha,https://www.amazon.com.br/PlayStation-5-Slim-Edi%C3%A7%C3%A3o-Digital/dp/B0CL5KNB9M/
2025-12-10 03:49:26,Erro,0.0,Falha,https://www.amazon.com.br/Apple-iPhone-15-128-GB/dp/B0CHH5H7Z7/
2025-12-10 06:59:30,Erro,0.0,Falha,https://www.amazon.com.br/PlayStation-5-Slim-Edi%C3%A7%C3%A3o-Digital/dp/B0CL5KNB9M/
2025-12-10 06:59:30,Erro,0.0,Falha,https://www.amazon.com.br/Apple-iPhone-15-128-GB/dp/B0CHH5H7Z7/
2025-12-10 13:51:31,PlayStation 5 Edição Digital (Slim),399.0,Sucesso,https://www.amazon.com.br/PlayStation-5-Slim-Edi%C3%A7%C3%A3o-Digital/dp/B0CL5KNB9M/
2025-12-10 13:51:31,Erro,0.0,Falha,https://www.amazon.com.br/Apple-iPhone-15-128-GB/dp/B0CHH5H7Z7/
2025-12-10 18:56:38,Erro,0.0,Falha,https://www.amazon.com.br/PlayStation-5-Slim-Edi%C3%A7%C3%A3o-Digital/dp/B0CL5KNB9M/
2025-12-10 18:56:38,Erro,0.0,Falha,https://www.amazon.com.br/Apple-iPhone-15-128-GB/dp/B0CHH5H7Z7/
2025-12-11 03:50:27,Erro,0.0,Falha,https://www.amazon.com.br/PlayStation-5-Slim-Edi%C3%A7%C3%A3o-Digital/dp/B0CL5KNB9M/
2025-12-11 03:50:27,Erro,0.0,Falha,https://www.amazon.com.br/Apple-iPhone-15-128-GB/dp/B0CHH5H7Z7/
2025-12-11 07:02:05,Erro,0.0,Falha,https://www.amazon.com.br/PlayStation-5-Slim-Edi%C3%A7%C3%A3o-Digital/dp/B0CL5KNB9M/
2025-12-11 07:02:05,Erro,0.0,Falha,https://www.amazon.com.br/Apple-iPhone-15-128-GB/dp/B0CHH5H7Z7/
2025-12-11 13:54:54,Erro,0.0,Falha,https://www.amazon.com.br/PlayStation-5-Slim-Edi%C3%A7%C3%A3o-Digital/dp/B0CL5KNB9M/
2025-12-11 13:54:54,Erro,0.0,Falha,https://www.amazon.com.br/Apple-iPhone-15-128-GB/dp/B0CHH5H7Z7/
2025-12-11 18:59:03,Erro,0.0,Falha,https://www.amazon.com.br/PlayStation-5-Slim-Edi%C3%A7%C3%A3o-Digital/dp/B0CL5KNB9M/
2025-12-11 18:59:03,Erro,0.0,Falha,https://www.amazon.com.br/Apple-iPhone-15-128-GB/dp/B0CHH5H7Z7/
2025-12-12 03:49:32,Erro,0.0,Falha,https://www.amazon.com.br/PlayStation-5-Slim-Edi%C3%A7%C3%A3o-Digital/dp/B0CL5KNB9M/
2025-12-12 03:49:32,Erro,0.0,Falha,https://www.amazon.com.br/Apple-iPhone-15-128-GB/dp/B0CHH5H7Z7/
2025-12-12 07:00:00,Erro,0.0,Falha,https://www.amazon.com.br/PlayStation-5-Slim-Edi%C3%A7%C3%A3o-Digital/dp/B0CL5KNB9M/
2025-12-12 07:00:00,Erro,0.0,Falha,https://www.amazon.com.br/Apple-iPhone-15-128-GB/dp/B0CHH5H7Z7/
2025-12-12 13:48:42,PlayStation 5 Edição Digital (Slim),169.0,Sucesso,https://www.amazon.com.br/PlayStation-5-Slim-Edi%C3%A7%C3%A3o-Digital/dp/B0CL5KNB9M/
2025-12-12 13:48:42,Erro,0.0,Falha,https://www.amazon.com.br/Apple-iPhone-15-128-GB/dp/B0CHH5H7Z7/
2025-12-12 18:57:27,Erro,0.0,Falha,https://www.amazon.com.br/PlayStation-5-Slim-Edi%C3%A7%C3%A3o-Digital/dp/B0CL5KNB9M/
2025-12-12 18:57:27,Erro,0.0,Falha,https://www.amazon.com.br/Apple-iPhone-15-128-GB/dp/B0CHH5H7Z7/
2025-12-13 03:41:20,Erro,0.0,Falha,https://www.amazon.com.br/PlayStation-5-Slim-Edi%C3%A7%C3%A3o-Digital/dp/B0CL5KNB9M/
2025-12-13 03:41:20,Erro,0.0,Falha,https://www.amazon.com.br/Apple-iPhone-15-128-GB/dp/B0CHH5H7Z7/
2025-12-13 06:55:33,Erro,0.0,Falha,https://www.amazon.com.br/PlayStation-5-Slim-Edi%C3%A7%C3%A3o-Digital/dp/B0CL5KNB9M/
2025-12-13 06:55:33,Erro,0.0,Falha,https://www.amazon.com.br/Apple-iPhone-15-128-GB/dp/B0CHH5H7Z7/
2025-12-13 13:34:02,Erro,0.0,Falha,https://www.amazon.com.br/PlayStation-5-Slim-Edi%C3%A7%C3%A3o-Digital/dp/B0CL5KNB9M/
2025-12-13 13:34:02,Erro,0.0,Falha,https://www.amazon.com.br/Apple-iPhone-15-128-GB/dp/B0CHH5H7Z7/
2025-12-13 18:49:25,Erro,0.0,Falha,https://www.amazon.com.br/PlayStation-5-Slim-Edi%C3%A7%C3%A3o-Digital/dp/B0CL5KNB9M/
2025-12-13 18:49:25,Erro,0.0,Falha,https://www.amazon.com.br/Apple-iPhone-15-128-GB/dp/B0CHH5H7Z7/
2025-12-14 03:55:34,PlayStation 5 Edição Digital (Slim),2999.0,Sucesso,https://www.amazon.com.br/PlayStation-5-Slim-Edi%C3%A7%C3%A3o-Digital/dp/B0CL5KNB9M/
2025-12-14 03:55:34,Erro,0.0,Falha,https://www.amazon.com.br/Apple-iPhone-15-128-GB/dp/B0CHH5H7Z7/
2025-12-14 06:56:14,Erro,0.0,Falha,https://www.amazon.com.br/PlayStation-5-Slim-Edi%C3%A7%C3%A3o-Digital/dp/B0CL5KNB9M/
2025-12-14 06:56:14,Erro,0.0,Falha,https://www.amazon.com.br/Apple-iPhone-15-128-GB/dp/B0CHH5H7Z7/
2025-12-14 13:34:50,Erro,0.0,Falha,https://www.amazon.com.br/PlayStation-5-Slim-Edi%C3%A7%C3%A3o-Digital/dp/B0CL5KNB9M/
2025-12-14 13:34:50,Erro,0.0,Falha,https://www.amazon.com.br/Apple-iPhone-15-128-GB/dp/B0CHH5H7Z7/
2025-12-14 18:52:02,Erro,0.0,Falha,https://www.amazon.com.br/PlayStation-5-Slim-Edi%C3%A7%C3%A3o-Digital/dp/B0CL5KNB9M/
2025-12-14 18:52:02,Erro,0.0,Falha,https://www.amazon.com.br/Apple-iPhone-15-128-GB/dp/B0CHH5H7Z7/
2025-12-15 04:00:11,PlayStation 5 Edição Digital (Slim),379.0,Sucesso,https://www.amazon.com.br/PlayStation-5-Slim-Edi%C3%A7%C3%A3o-Digital/dp/B0CL5KNB9M/
2025-12-15 04:00:11,Erro,0.0,Falha,https://www.amazon.com.br/Apple-iPhone-15-128-GB/dp/B0CHH5H7Z7/
2025-12-15 07:02:13,Erro,0.0,Falha,https://www.amazon.com.br/PlayStation-5-Slim-Edi%C3%A7%C3%A3o-Digital/dp/B0CL5KNB9M/
2025-12-15 07:02:13,Erro,0.0,Falha,https://www.amazon.com.br/Apple-iPhone-15-128-GB/dp/B0CHH5H7Z7/
2025-12-15 13:54:07,Erro,0.0,Falha,https://www.amazon.com.br/PlayStation-5-Slim-Edi%C3%A7%C3%A3o-Digital/dp/B0CL5KNB9M/
2025-12-15 13:54:07,Erro,0.0,Falha,https://www.amazon.com.br/Apple-iPhone-15-128-GB/dp/B0CHH5H7Z7/
2025-12-15 19:00:18,Erro,0.0,Falha,https://www.amazon.com.br/PlayStation-5-Slim-Edi%C3%A7%C3%A3o-Digital/dp/B0CL5KNB9M/
2025-12-15 19:00:18,Erro,0.0,Falha,https://www.amazon.com.br/Apple-iPhone-15-128-GB/dp/B0CHH5H7Z7/
2025-12-16 03:52:34,Erro,0.0,Falha,https://www.amazon.com.br/PlayStation-5-Slim-Edi%C3%A7%C3%A3o-Digital/dp/B0CL5KNB9M/
2025-12-16 03:52:34,Erro,0.0,Falha,https://www.amazon.com.br/Apple-iPhone-15-128-GB/dp/B0CHH5H7Z7/
2025-12-16 07:01:29,Erro,0.0,Falha,https://www.amazon.com.br/PlayStation-5-Slim-Edi%C3%A7%C3%A3o-Digital/dp/B0CL5KNB9M/
2025-12-16 07:01:29,Erro,0.0,Falha,https://www.amazon.com.br/Apple-iPhone-15-128-GB/dp/B0CHH5H7Z7/
2025-12-16 13:54:01,PlayStation 5 Edição Digital (Slim),379.0,Sucesso,https://www.amazon.com.br/PlayStation-5-Slim-Edi%C3%A7%C3%A3o-Digital/dp/B0CL5KNB9M/
2025-12-16 13:54:01,Erro,0.0,Falha,https://www.amazon.com.br/Apple-iPhone-15-128-GB/dp/B0CHH5H7Z7/
2025-12-16 18:59:36,Erro,0.0,Falha,https://www.amazon.com.br/PlayStation-5-Slim-Edi%C3%A7%C3%A3o-Digital/dp/B0CL5KNB9M/
2025-12-16 18:59:36,Erro,0.0,Falha,https://www.amazon.com.br/Apple-iPhone-15-128-GB/dp/B0CHH5H7Z7/
2025-12-17 03:48:25,Erro,0.0,Falha,https://www.amazon.com.br/PlayStation-5-Slim-Edi%C3%A7%C3%A3o-Digital/dp/B0CL5KNB9M/
2025-12-17 03:48:25,Erro,0.0,Falha,https://www.amazon.com.br/Apple-iPhone-15-128-GB/dp/B0CHH5H7Z7/
2025-12-17 07:00:10,PlayStation 5 Edição Digital (Slim),379.0,Sucesso,https://www.amazon.com.br/PlayStation-5-Slim-Edi%C3%A7%C3%A3o-Digital/dp/B0CL5KNB9M/
2025-12-17 07:00:10,Erro,0.0,Falha,https://www.amazon.com.br/Apple-iPhone-15-128-GB/dp/B0CHH5H7Z7/
2025-12-17 13:47:56,Erro,0.0,Falha,https://www.amazon.com.br/PlayStation-5-Slim-Edi%C3%A7%C3%A3o-Digital/dp/B0CL5KNB9M/
2025-12-17 13:47:56,Erro,0.0,Falha,https://www.amazon.com.br/Apple-iPhone-15-128-GB/dp/B0CHH5H7Z7/
2025-12-17 19:00:18,Erro,0.0,Falha,https://www.amazon.com.br/PlayStation-5-Slim-Edi%C3%A7%C3%A3o-Digital/dp/B0CL5KNB9M/
2025-12-17 19:00:18,Erro,0.0,Falha,https://www.amazon.com.br/Apple-iPhone-15-128-GB/dp/B0CHH5H7Z7/
2025-12-18 03:49:26,Erro,0.0,Falha,https://www.amazon.com.br/PlayStation-5-Slim-Edi%C3%A7%C3%A3o-Digital/dp/B0CL5KNB9M/
2025-12-18 03:49:26,Erro,0.0,Falha,https://www.amazon.com.br/Apple-iPhone-15-128-GB/dp/B0CHH5H7Z7/
2025-12-18 06:59:51,Erro,0.0,Falha,https://www.amazon.com.br/PlayStation-5-Slim-Edi%C3%A7%C3%A3o-Digital/dp/B0CL5KNB9M/
2025-12-18 06:59:51,Erro,0.0,Falha,https://www.amazon.com.br/Apple-iPhone-15-128-GB/dp/B0CHH5H7Z7/
2025-12-18 13:51:15,Erro,0.0,Falha,https://www.amazon.com.br/PlayStation-5-Slim-Edi%C3%A7%C3%A3o-Digital/dp/B0CL5KNB9M/
2025-12-18 13:51:15,Erro,0.0,Falha,https://www.amazon.com.br/Apple-iPhone-15-128-GB/dp/B0CHH5H7Z7/
2025-12-18 18:59:12,Erro,0.0,Falha,https://www.amazon.com.br/PlayStation-5-Slim-Edi%C3%A7%C3%A3o-Digital/dp/B0CL5KNB9M/
2025-12-18 18:59:12,Erro,0.0,Falha,https://www.amazon.com.br/Apple-iPhone-15-128-GB/dp/B0CHH5H7Z7/
2025-12-19 03:51:43,Erro,0.0,Falha,https://www.amazon.com.br/PlayStation-5-Slim-Edi%C3%A7%C3%A3o-Digital/dp/B0CL5KNB9M/
2025-12-19 03:51:43,Erro,0.0,Falha,https://www.amazon.com.br/Apple-iPhone-15-128-GB/dp/B0CHH5H7Z7/
2025-12-19 06:58:45,Erro,0.0,Falha,https://www.amazon.com.br/PlayStation-5-Slim-Edi%C3%A7%C3%A3o-Digital/dp/B0CL5KNB9M/
2025-12-19 06:58:45,Erro,0.0,Falha,https://www.amazon.com.br/Apple-iPhone-15-128-GB/dp/B0CHH5H7Z7/
2025-12-19 13:47:26,Erro,0.0,Falha,https://www.amazon.com.br/PlayStation-5-Slim-Edi%C3%A7%C3%A3o-Digital/dp/B0CL5KNB9M/
2025-12-19 13:47:26,Erro,0.0,Falha,https://www.amazon.com.br/Apple-iPhone-15-128-GB/dp/B0CHH5H7Z7/
2025-12-19 18:57:44,Erro,0.0,Falha,https://www.amazon.com.br/PlayStation-5-Slim-Edi%C3%A7%C3%A3o-Digital/dp/B0CL5KNB9M/
2025-12-19 18:57:44,Erro,0.0,Falha,https://www.amazon.com.br/Apple-iPhone-15-128-GB/dp/B0CHH5H7Z7/
2025-12-20 03:41:32,PlayStation 5 Edição Digital (Slim),2999.0,Sucesso,https://www.amazon.com.br/PlayStation-5-Slim-Edi%C3%A7%C3%A3o-Digital/dp/B0CL5KNB9M/
2025-12-20 03:41:32,Erro,0.0,Falha,https://www.amazon.com.br/Apple-iPhone-15-128-GB/dp/B0CHH5H7Z7/
2025-12-20 06:54:56,Erro,0.0,Falha,https://www.amazon.com.br/PlayStation-5-Slim-Edi%C3%A7%C3%A3o-Digital/dp/B0CL5KNB9M/
2025-12-20 06:54:56,Erro,0.0,Falha,https://www.amazon.com.br/Apple-iPhone-15-128-GB/dp/B0CHH5H7Z7/
2025-12-20 13:34:17,Erro,0.0,Falha,https://www.amazon.com.br/PlayStation-5-Slim-Edi%C3%A7%C3%A3o-Digital/dp/B0CL5KNB9M/
2025-12-20 13:34:17,Erro,0.0,Falha,https://www.amazon.com.br/Apple-iPhone-15-128-GB/dp/B0CHH5H7Z7/
2025-12-20 18:50:45,Erro,0.0,Falha,https://www.amazon.com.br/PlayStation-5-Slim-Edi%C3%A7%C3%A3o-Digital/dp/B0CL5KNB9M/
2025-12-20 18:50:45,Erro,0.0,Falha,https://www.amazon.com.br/Apple-iPhone-15-128-GB/dp/B0CHH5H7Z7/
2025-12-21 03:53:41,Erro,0.0,Falha,https://www.amazon.com.br/PlayStation-5-Slim-Edi%C3%A7%C3%A3o-Digital/dp/B0CL5KNB9M/
2025-12-21 03:53:41,Erro,0.0,Falha,https://www.amazon.com.br/Apple-iPhone-15-128-GB/dp/B0CHH5H7Z7/
2025-12-21 06:39:32,Erro,0.0,Falha,https://www.amazon.com.br/PlayStation-5-Slim-Edi%C3%A7%C3%A3o-Digital/dp/B0CL5KNB9M/
2025-12-21 06:39:32,Erro,0.0,Falha,https://www.amazon.com.br/Apple-iPhone-15-128-GB/dp/B0CHH5H7Z7/
2025-12-21 12:52:35,Erro,0.0,Falha,https://www.amazon.com.br/PlayStation-5-Slim-Edi%C3%A7%C3%A3o-Digital/dp/B0CL5KNB9M/
2025-12-21 12:52:35,Erro,0.0,Falha,https://www.amazon.com.br/Apple-iPhone-15-128-GB/dp/B0CHH5H7Z7/
2025-12-21 18:36:26,Erro,0.0,Falha,https://www.amazon.com.br/PlayStation-5-Slim-Edi%C3%A7%C3%A3o-Digital/dp/B0CL5KNB9M/
2025-12-21 18:36:26,Erro,0.0,Falha,https://www.amazon.com.br/Apple-iPhone-15-128-GB/dp/B0CHH5H7Z7/
2025-12-22 02:20:37,Erro,0.0,Falha,https://www.amazon.com.br/PlayStation-5-Slim-Edi%C3%A7%C3%A3o-Digital/dp/B0CL5KNB9M/
2025-12-22 02:20:37,Erro,0.0,Falha,https://www.amazon.com.br/Apple-iPhone-15-128-GB/dp/B0CHH5H7Z7/
2025-12-22 06:45:02,Erro,0.0,Falha,https://www.amazon.com.br/PlayStation-5-Slim-Edi%C3%A7%C3%A3o-Digital/dp/B0CL5KNB9M/
2025-12-22 06:45:02,Erro,0.0,Falha,https://www.amazon.com.br/Apple-iPhone-15-128-GB/dp/B0CHH5H7Z7/
2025-12-22 12:56:54,Erro,0.0,Falha,https://www.amazon.com.br/PlayStation-5-Slim-Edi%C3%A7%C3%A3o-Digital/dp/B0CL5KNB9M/
2025-12-22 12:56:54,Erro,0.0,Falha,https://www.amazon.com.br/Apple-iPhone-15-128-GB/dp/B0CHH5H7Z7/
2025-12-22 18:40:09,Erro,0.0,Falha,https://www.amazon.com.br/PlayStation-5-Slim-Edi%C3%A7%C3%A3o-Digital/dp/B0CL5KNB9M/
2025-12-22 18:40:09,Erro,0.0,Falha,https://www.amazon.com.br/Apple-iPhone-15-128-GB/dp/B0CHH5H7Z7/
2025-12-23 02:09:44,Erro,0.0,Falha,https://www.amazon.com.br/PlayStation-5-Slim-Edi%C3%A7%C3%A3o-Digital/dp/B0CL5KNB9M/
2025-12-23 02:09:44,Erro,0.0,Falha,https://www.amazon.com.br/Apple-iPhone-15-128-GB/dp/B0CHH5H7Z7/
2025-12-23 06:44:06,Erro,0.0,Falha,https://www.amazon.com.br/PlayStation-5-Slim-Edi%C3%A7%C3%A3o-Digital/dp/B0CL5KNB9M/
2025-12-23 06:44:06,Erro,0.0,Falha,https://www.amazon.com.br/Apple-iPhone-15-128-GB/dp/B0CHH5H7Z7/
2025-12-23 12:58:27,Erro,0.0,Falha,https://www.amazon.com.br/PlayStation-5-Slim-Edi%C3%A7%C3%A3o-Digital/dp/B0CL5KNB9M/
2025-12-23 12:58:27,Erro,0.0,Falha,https://www.amazon.com.br/Apple-iPhone-15-128-GB/dp/B0CHH5H7Z7/
2025-12-23 18:40:28,Erro,0.0,Falha,https://www.amazon.com.br/PlayStation-5-Slim-Edi%C3%A7%C3%A3o-Digital/dp/B0CL5KNB9M/
2025-12-23 18:40:28,Erro,0.0,Falha,https://www.amazon.com.br/Apple-iPhone-15-128-GB/dp/B0CHH5H7Z7/
2025-12-24 02:07:48,Erro,0.0,Falha,https://www.amazon.com.br/PlayStation-5-Slim-Edi%C3%A7%C3%A3o-Digital/dp/B0CL5KNB9M/
2025-12-24 02:07:48,Erro,0.0,Falha,https://www.amazon.com.br/Apple-iPhone-15-128-GB/dp/B0CHH5H7Z7/
2025-12-24 06:44:02,Erro,0.0,Falha,https://www.amazon.com.br/PlayStation-5-Slim-Edi%C3%A7%C3%A3o-Digital/dp/B0CL5KNB9M/
2025-12-24 06:44:02,Erro,0.0,Falha,https://www.amazon.com.br/Apple-iPhone-15-128-GB/dp/B0CHH5H7Z7/
2025-12-24 12:56:11,PlayStation 5 Edição Digital (Slim),369.0,Sucesso,https://www.amazon.com.br/PlayStation-5-Slim-Edi%C3%A7%C3%A3o-Digital/dp/B0CL5KNB9M/
2025-12-24 12:56:11,Erro,0.0,Falha,https://www.amazon.com.br/Apple-iPhone-15-128-GB/dp/B0CHH5H7Z7/
2025-12-24 18:38:43,Erro,0.0,Falha,https://www.amazon.com.br/PlayStation-5-Slim-Edi%C3%A7%C3%A3o-Digital/dp/B0CL5KNB9M/
2025-12-24 18:38:43,Erro,0.0,Falha,https://www.amazon.com.br/Apple-iPhone-15-128-GB/dp/B0CHH5H7Z7/
2025-12-25 02:10:07,Erro,0.0,Falha,https://www.amazon.com.br/PlayStation-5-Slim-Edi%C3%A7%C3%A3o-Digital/dp/B0CL5KNB9M/
2025-12-25 02:10:07,Erro,0.0,Falha,https://www.amazon.com.br/Apple-iPhone-15-128-GB/dp/B0CHH5H7Z7/
2025-12-25 06:42:35,Erro,0.0,Falha,https://www.amazon.com.br/PlayStation-5-Slim-Edi%C3%A7%C3%A3o-Digital/dp/B0CL5KNB9M/
2025-12-25 06:42:35,Erro,0.0,Falha,https://www.amazon.com.br/Apple-iPhone-15-128-GB/dp/B0CHH5H7Z7/
2025-12-25 12:55:50,Erro,0.0,Falha,https://www.amazon.com.br/PlayStation-5-Slim-Edi%C3%A7%C3%A3o-Digital/dp/B0CL5KNB9M/
2025-12-25 12:55:50,Erro,0.0,Falha,https://www.amazon.com.br/Apple-iPhone-15-128-GB/dp/B0CHH5H7Z7/
2025-12-25 18:38:10,Erro,0.0,Falha,https://www.amazon.com.br/PlayStation-5-Slim-Edi%C3%A7%C3%A3o-Digital/dp/B0CL5KNB9M/
2025-12-25 18:38:10,Erro,0.0,Falha,https://www.amazon.com.br/Apple-iPhone-15-128-GB/dp/B0CHH5H7Z7/
2025-12-26 02:09:01,Erro,0.0,Falha,https://www.amazon.com.br/PlayStation-5-Slim-Edi%C3%A7%C3%A3o-Digital/dp/B0CL5KNB9M/
2025-12-26 02:09:01,Erro,0.0,Falha,https://www.amazon.com.br/Apple-iPhone-15-128-GB/dp/B0CHH5H7Z7/
2025-12-26 06:41:47,Erro,0.0,Falha,https://www.amazon.com.br/PlayStation-5-Slim-Edi%C3%A7%C3%A3o-Digital/dp/B0CL5KNB9M/
2025-12-26 06:41:47,Erro,0.0,Falha,https://www.amazon.com.br/Apple-iPhone-15-128-GB/dp/B0CHH5H7Z7/
2025-12-26 12:55:54,Erro,0.0,Falha,https://www.amazon.com.br/PlayStation-5-Slim-Edi%C3%A7%C3%A3o-Digital/dp/B0CL5KNB9M/
2025-12-26 12:55:54,Erro,0.0,Falha,https://www.amazon.com.br/Apple-iPhone-15-128-GB/dp/B0CHH5H7Z7/
2025-12-26 18:38:13,Erro,0.0,Falha,https://www.amazon.com.br/PlayStation-5-Slim-Edi%C3%A7%C3%A3o-Digital/dp/B0CL5KNB9M/
2025-12-26 18:38:13,Erro,0.0,Falha,https://www.amazon.com.br/Apple-iPhone-15-128-GB/dp/B0CHH5H7Z7/
2025-12-27 02:06:48,Erro,0.0,Falha,https://www.amazon.com.br/PlayStation-5-Slim-Edi%C3%A7%C3%A3o-Digital/dp/B0CL5KNB9M/
2025-12-27 02:06:48,Erro,0.0,Falha,https://www.amazon.com.br/Apple-iPhone-15-128-GB/dp/B0CHH5H7Z7/
2025-12-27 06:40:13,PlayStation 5 Edição Digital (Slim),399.0,Sucesso,https://www.amazon.com.br/PlayStation-5-Slim-Edi%C3%A7%C3%A3o-Digital/dp/B0CL5KNB9M/
2025-12-27 06:40:13,Erro,0.0,Falha,https://www.amazon.com.br/Apple-iPhone-15-128-GB/dp/B0CHH5H7Z7/
2025-12-27 12:53:18,Erro,0.0,Falha,https://www.amazon.com.br/PlayStation-5-Slim-Edi%C3%A7%C3%A3o-Digital/dp/B0CL5KNB9M/
2025-12-27 12:53:18,Erro,0.0,Falha,https://www.amazon.com.br/Apple-iPhone-15-128-GB/dp/B0CHH5H7Z7/
2025-12-27 18:36:58,Erro,0.0,Falha,https://www.amazon.com.br/PlayStation-5-Slim-Edi%C3%A7%C3%A3o-Digital/dp/B0CL5KNB9M/
2025-12-27 18:36:58,Erro,0.0,Falha,https://www.amazon.com.br/Apple-iPhone-15-128-GB/dp/B0CHH5H7Z7/
2025-12-28 02:27:28,Erro,0.0,Falha,https://www.amazon.com.br/PlayStation-5-Slim-Edi%C3%A7%C3%A3o-Digital/dp/B0CL5KNB9M/
2025-12-28 02:27:28,Erro,0.0,Falha,https://www.amazon.com.br/Apple-iPhone-15-128-GB/dp/B0CHH5H7Z7/
2025-12-28 06:40:14,Erro,0.0,Falha,https://www.amazon.com.br/PlayStation-5-Slim-Edi%C3%A7%C3%A3o-Digital/dp/B0CL5KNB9M/
2025-12-28 06:40:14,Erro,0.0,Falha,https://www.amazon.com.br/Apple-iPhone-15-128-GB/dp/B0CHH5H7Z7/
2025-12-28 12:54:11,Erro,0.0,Falha,https://www.amazon.com.br/PlayStation-5-Slim-Edi%C3%A7%C3%A3o-Digital/dp/B0CL5KNB9M/
2025-12-28 12:54:11,Erro,0.0,Falha,https://www.amazon.com.br/Apple-iPhone-15-128-GB/dp/B0CHH5H7Z7/
2025-12-28 18:37:52,Erro,0.0,Falha,https://www.amazon.com.br/PlayStation-5-Slim-Edi%C3%A7%C3%A3o-Digital/dp/B0CL5KNB9M/
2025-12-28 18:37:52,Erro,0.0,Falha,https://www.amazon.com.br/Apple-iPhone-15-128-GB/dp/B0CHH5H7Z7/
2025-12-29 02:25:22,Erro,0.0,Falha,https://www.amazon.com.br/PlayStation-5-Slim-Edi%C3%A7%C3%A3o-Digital/dp/B0CL5KNB9M/
2025-12-29 02:25:22,Erro,0.0,Falha,https://www.amazon.com.br/Apple-iPhone-15-128-GB/dp/B0CHH5H7Z7/
2025-12-29 06:46:41,Erro,0.0,Falha,https://www.amazon.com.br/PlayStation-5-Slim-Edi%C3%A7%C3%A3o-Digital/dp/B0CL5KNB9M/
2025-12-29 06:46:41,Erro,0.0,Falha,https://www.amazon.com.br/Apple-iPhone-15-128-GB/dp/B0CHH5H7Z7/
2025-12-29 12:59:29,PlayStation 5 Edição Digital (Slim),399.0,Sucesso,https://www.amazon.com.br/PlayStation-5-Slim-Edi%C3%A7%C3%A3o-Digital/dp/B0CL5KNB9M/
2025-12-29 12:59:29,Erro,0.0,Falha,https://www.amazon.com.br/Apple-iPhone-15-128-GB/dp/B0CHH5H7Z7/
2025-12-29 18:39:16,Erro,0.0,Falha,https://www.amazon.com.br/PlayStation-5-Slim-Edi%C3%A7%C3%A3o-Digital/dp/B0CL5KNB9M/
2025-12-29 18:39:16,Erro,0.0,Falha,https://www.amazon.com.br/Apple-iPhone-15-128-GB/dp/B0CHH5H7Z7/
2025-12-30 02:10:37,PlayStation 5 Edição Digital (Slim),413.0,Sucesso,https://www.amazon.com.br/PlayStation-5-Slim-Edi%C3%A7%C3%A3o-Digital/dp/B0CL5KNB9M/
2025-12-30 02:10:37,Erro,0.0,Falha,https://www.amazon.com.br/Apple-iPhone-15-128-GB/dp/B0CHH5H7Z7/
2025-12-30 06:42:41,Erro,0.0,Falha,https://www.amazon.com.br/PlayStation-5-Slim-Edi%C3%A7%C3%A3o-Digital/dp/B0CL5KNB9M/
2025-12-30 06:42:41,Erro,0.0,Falha,https://www.amazon.com.br/Apple-iPhone-15-128-GB/dp/B0CHH5H7Z7/
2025-12-30 12:58:44,Erro,0.0,Falha,https://www.amazon.com.br/PlayStation-5-Slim-Edi%C3%A7%C3%A3o-Digital/dp/B0CL5KNB9M/
2025-12-30 12:58:44,Erro,0.0,Falha,https://www.amazon.com.br/Apple-iPhone-15-128-GB/dp/B0CHH5H7Z7/
2025-12-30 18:41:42,Erro,0.0,Falha,https://www.amazon.com.br/PlayStation-5-Slim-Edi%C3%A7%C3%A3o-Digital/dp/B0CL5KNB9M/
2025-12-30 18:41:42,Erro,0.0,Falha,https://www.amazon.com.br/Apple-iPhone-15-128-GB/dp/B0CHH5H7Z7/
2025-12-31 02:11:00,Erro,0.0,Falha,https://www.amazon.com.br/PlayStation-5-Slim-Edi%C3%A7%C3%A3o-Digital/dp/B0CL5KNB9M/
2025-12-31 02:11:00,Erro,0.0,Falha,https://www.amazon.com.br/Apple-iPhone-15-128-GB/dp/B0CHH5H7Z7/
2025-12-31 06:43:07,Erro,0.0,Falha,https://www.amazon.com.br/PlayStation-5-Slim-Edi%C3%A7%C3%A3o-Digital/dp/B0CL5KNB9M/
2025-12-31 06:43:07,Erro,0.0,Falha,https://www.amazon.com.br/Apple-iPhone-15-128-GB/dp/B0CHH5H7Z7/
2025-12-31 12:56:47,Erro,0.0,Falha,https://www.amazon.com.br/PlayStation-5-Slim-Edi%C3%A7%C3%A3o-Digital/dp/B0CL5KNB9M/
2025-12-31 12:56:47,Erro,0.0,Falha,https://www.amazon.com.br/Apple-iPhone-15-128-GB/dp/B0CHH5H7Z7/
2025-12-31 18:38:28,PlayStation 5 Edição Digital (Slim),3330.0,Sucesso,https://www.amazon.com.br/PlayStation-5-Slim-Edi%C3%A7%C3%A3o-Digital/dp/B0CL5KNB9M/
2025-12-31 18:38:28,Erro,0.0,Falha,https://www.amazon.com.br/Apple-iPhone-15-128-GB/dp/B0CHH5H7Z7/
2026-01-01 02:27:55,Erro,0.0,Falha,https://www.amazon.com.br/PlayStation-5-Slim-Edi%C3%A7%C3%A3o-Digital/dp/B0CL5KNB9M/
2026-01-01 02:27:55,Erro,0.0,Falha,https://www.amazon.com.br/Apple-iPhone-15-128-GB/dp/B0CHH5H7Z7/
2026-01-01 06:43:04,Erro,0.0,Falha,https://www.amazon.com.br/PlayStation-5-Slim-Edi%C3%A7%C3%A3o-Digital/dp/B0CL5KNB9M/
2026-01-01 06:43:04,Erro,0.0,Falha,https://www.amazon.com.br/Apple-iPhone-15-128-GB/dp/B0CHH5H7Z7/
2026-01-01 12:57:03,Erro,0.0,Falha,https://www.amazon.com.br/PlayStation-5-Slim-Edi%C3%A7%C3%A3o-Digital/dp/B0CL5KNB9M/
2026-01-01 12:57:03,Erro,0.0,Falha,https://www.amazon.com.br/Apple-iPhone-15-128-GB/dp/B0CHH5H7Z7/
2026-01-01 18:38:44,PlayStation 5 Edição Digital (Slim),175.0,Sucesso,https://www.amazon.com.br/PlayStation-5-Slim-Edi%C3%A7%C3%A3o-Digital/dp/B0CL5KNB9M/
2026-01-01 18:38:44,Erro,0.0,Falha,https://www.amazon.com.br/Apple-iPhone-15-128-GB/dp/B0CHH5H7Z7/
2026-01-02 02:12:37,Erro,0.0,Falha,https://www.amazon.com.br/PlayStation-5-Slim-Edi%C3%A7%C3%A3o-Digital/dp/B0CL5KNB9M/
2026-01-02 02:12:37,Erro,0.0,Falha,https://www.amazon.com.br/Apple-iPhone-15-128-GB/dp/B0CHH5H7Z7/
2026-01-02 06:43:23,Erro,0.0,Falha,https://www.amazon.com.br/PlayStation-5-Slim-Edi%C3%A7%C3%A3o-Digital/dp/B0CL5KNB9M/
2026-01-02 06:43:23,Erro,0.0,Falha,https://www.amazon.com.br/Apple-iPhone-15-128-GB/dp/B0CHH5H7Z7/
2026-01-02 12:55:59,Erro,0.0,Falha,https://www.amazon.com.br/PlayStation-5-Slim-Edi%C3%A7%C3%A3o-Digital/dp/B0CL5KNB9M/
2026-01-02 12:55:59,Erro,0.0,Falha,https://www.amazon.com.br/Apple-iPhone-15-128-GB/dp/B0CHH5H7Z7/
2026-01-02 18:38:38,Erro,0.0,Falha,https://www.amazon.com.br/PlayStation-5-Slim-Edi%C3%A7%C3%A3o-Digital/dp/B0CL5KNB9M/
2026-01-02 18:38:38,Erro,0.0,Falha,https://www.amazon.com.br/Apple-iPhone-15-128-GB/dp/B0CHH5H7Z7/
2026-01-03 02:06:13,Erro,0.0,Falha,https://www.amazon.com.br/PlayStation-5-Slim-Edi%C3%A7%C3%A3o-Digital/dp/B0CL5KNB9M/
2026-01-03 02:06:13,Erro,0.0,Falha,https://www.amazon.com.br/Apple-iPhone-15-128-GB/dp/B0CHH5H7Z7/
2026-01-03 06:40:23,Erro,0.0,Falha,https://www.amazon.com.br/PlayStation-5-Slim-Edi%C3%A7%C3%A3o-Digital/dp/B0CL5KNB9M/
2026-01-03 06:40:23,Erro,0.0,Falha,https://www.amazon.com.br/Apple-iPhone-15-128-GB/dp/B0CHH5H7Z7/
2026-01-03 12:53:51,Erro,0.0,Falha,https://www.amazon.com.br/PlayStation-5-Slim-Edi%C3%A7%C3%A3o-Digital/dp/B0CL5KNB9M/
2026-01-03 12:53:51,Erro,0.0,Falha,https://www.amazon.com.br/Apple-iPhone-15-128-GB/dp/B0CHH5H7Z7/
2026-01-03 18:37:14,Erro,0.0,Falha,https://www.amazon.com.br/PlayStation-5-Slim-Edi%C3%A7%C3%A3o-Digital/dp/B0CL5KNB9M/
2026-01-03 18:37:14,Erro,0.0,Falha,https://www.amazon.com.br/Apple-iPhone-15-128-GB/dp/B0CHH5H7Z7/
2026-01-04 02:29:29,PlayStation 5 Edição Digital (Slim),175.0,Sucesso,https://www.amazon.com.br/PlayStation-5-Slim-Edi%C3%A7%C3%A3o-Digital/dp/B0CL5KNB9M/
2026-01-04 02:29:29,Erro,0.0,Falha,https://www.amazon.com.br/Apple-iPhone-15-128-GB/dp/B0CHH5H7Z7/
2026-01-04 06:41:18,Erro,0.0,Falha,https://www.amazon.com.br/PlayStation-5-Slim-Edi%C3%A7%C3%A3o-Digital/dp/B0CL5KNB9M/
2026-01-04 06:41:18,Erro,0.0,Falha,https://www.amazon.com.br/Apple-iPhone-15-128-GB/dp/B0CHH5H7Z7/
2026-01-04 12:54:35,Erro,0.0,Falha,https://www.amazon.com.br/PlayStation-5-Slim-Edi%C3%A7%C3%A3o-Digital/dp/B0CL5KNB9M/
2026-01-04 12:54:35,Erro,0.0,Falha,https://www.amazon.com.br/Apple-iPhone-15-128-GB/dp/B0CHH5H7Z7/
2026-01-04 18:37:37,Erro,0.0,Falha,https://www.amazon.com.br/PlayStation-5-Slim-Edi%C3%A7%C3%A3o-Digital/dp/B0CL5KNB9M/
2026-01-04 18:37:37,Erro,0.0,Falha,https://www.amazon.com.br/Apple-iPhone-15-128-GB/dp/B0CHH5H7Z7/
2026-01-05 02:28:55,Erro,0.0,Falha,https://www.amazon.com.br/PlayStation-5-Slim-Edi%C3%A7%C3%A3o-Digital/dp/B0CL5KNB9M/
2026-01-05 02:28:55,Erro,0.0,Falha,https://www.amazon.com.br/Apple-iPhone-15-128-GB/dp/B0CHH5H7Z7/
2026-01-05 06:50:12,Erro,0.0,Falha,https://www.amazon.com.br/PlayStation-5-Slim-Edi%C3%A7%C3%A3o-Digital/dp/B0CL5KNB9M/
2026-01-05 06:50:12,Erro,0.0,Falha,https://www.amazon.com.br/Apple-iPhone-15-128-GB/dp/B0CHH5H7Z7/
2026-01-05 13:01:41,PlayStation 5 Edição Digital (Slim),399.0,Sucesso,https://www.amazon.com.br/PlayStation-5-Slim-Edi%C3%A7%C3%A3o-Digital/dp/B0CL5KNB9M/
2026-01-05 13:01:41,Erro,0.0,Falha,https://www.amazon.com.br/Apple-iPhone-15-128-GB/dp/B0CHH5H7Z7/
2026-01-05 18:42:17,PlayStation 5 Edição Digital (Slim),175.0,Sucesso,https://www.amazon.com.br/PlayStation-5-Slim-Edi%C3%A7%C3%A3o-Digital/dp/B0CL5KNB9M/
2026-01-05 18:42:17,Erro,0.0,Falha,https://www.amazon.com.br/Apple-iPhone-15-128-GB/dp/B0CHH5H7Z7/
2026-01-06 02:12:33,Erro,0.0,Falha,https://www.amazon.com.br/PlayStation-5-Slim-Edi%C3%A7%C3%A3o-Digital/dp/B0CL5KNB9M/
2026-01-06 02:12:33,Erro,0.0,Falha,https://www.amazon.com.br/Apple-iPhone-15-128-GB/dp/B0CHH5H7Z7/
2026-01-06 06:46:06,Erro,0.0,Falha,https://www.amazon.com.br/PlayStation-5-Slim-Edi%C3%A7%C3%A3o-Digital/dp/B0CL5KNB9M/
2026-01-06 06:46:06,Erro,0.0,Falha,https://www.amazon.com.br/Apple-iPhone-15-128-GB/dp/B0CHH5H7Z7/
2026-01-06 12:59:22,Erro,0.0,Falha,https://www.amazon.com.br/PlayStation-5-Slim-Edi%C3%A7%C3%A3o-Digital/dp/B0CL5KNB9M/
2026-01-06 12:59:22,Erro,0.0,Falha,https://www.amazon.com.br/Apple-iPhone-15-128-GB/dp/B0CHH5H7Z7/
2026-01-06 18:41:22,Erro,0.0,Falha,https://www.amazon.com.br/PlayStation-5-Slim-Edi%C3%A7%C3%A3o-Digital/dp/B0CL5KNB9M/
2026-01-06 18:41:22,Erro,0.0,Falha,https://www.amazon.com.br/Apple-iPhone-15-128-GB/dp/B0CHH5H7Z7/
2026-01-07 02:12:12,Erro,0.0,Falha,https://www.amazon.com.br/PlayStation-5-Slim-Edi%C3%A7%C3%A3o-Digital/dp/B0CL5KNB9M/
2026-01-07 02:12:12,Erro,0.0,Falha,https://www.amazon.com.br/Apple-iPhone-15-128-GB/dp/B0CHH5H7Z7/
2026-01-07 06:44:23,Erro,0.0,Falha,https://www.amazon.com.br/PlayStation-5-Slim-Edi%C3%A7%C3%A3o-Digital/dp/B0CL5KNB9M/
2026-01-07 06:44:23,Erro,0.0,Falha,https://www.amazon.com.br/Apple-iPhone-15-128-GB/dp/B0CHH5H7Z7/
2026-01-07 13:00:21,Erro,0.0,Falha,https://www.amazon.com.br/PlayStation-5-Slim-Edi%C3%A7%C3%A3o-Digital/dp/B0CL5KNB9M/
2026-01-07 13:00:21,Erro,0.0,Falha,https://www.amazon.com.br/Apple-iPhone-15-128-GB/dp/B0CHH5H7Z7/
2026-01-07 18:42:56,Erro,0.0,Falha,https://www.amazon.com.br/PlayStation-5-Slim-Edi%C3%A7%C3%A3o-Digital/dp/B0CL5KNB9M/
2026-01-07 18:42:56,Erro,0.0,Falha,https://www.amazon.com.br/Apple-iPhone-15-128-GB/dp/B0CHH5H7Z7/
2026-01-08 02:12:09,Erro,0.0,Falha,https://www.amazon.com.br/PlayStation-5-Slim-Edi%C3%A7%C3%A3o-Digital/dp/B0CL5KNB9M/
2026-01-08 02:12:09,Erro,0.0,Falha,https://www.amazon.com.br/Apple-iPhone-15-128-GB/dp/B0CHH5H7Z7/
2026-01-08 06:44:55,Erro,0.0,Falha,https://www.amazon.com.br/PlayStation-5-Slim-Edi%C3%A7%C3%A3o-Digital/dp/B0CL5KNB9M/
2026-01-08 06:44:55,Erro,0.0,Falha,https://www.amazon.com.br/Apple-iPhone-15-128-GB/dp/B0CHH5H7Z7/
2026-01-08 13:01:14,Erro,0.0,Falha,https://www.amazon.com.br/PlayStation-5-Slim-Edi%C3%A7%C3%A3o-Digital/dp/B0CL5KNB9M/
2026-01-08 13:01:14,Erro,0.0,Falha,https://www.amazon.com.br/Apple-iPhone-15-128-GB/dp/B0CHH5H7Z7/
2026-01-08 18:38:57,Erro,0.0,Falha,https://www.amazon.com.br/PlayStation-5-Slim-Edi%C3%A7%C3%A3o-Digital/dp/B0CL5KNB9M/
2026-01-08 18:38:57,Erro,0.0,Falha,https://www.amazon.com.br/Apple-iPhone-15-128-GB/dp/B0CHH5H7Z7/
2026-01-09 02:19:24,PlayStation 5 Edição Digital (Slim),158.0,Sucesso,https://www.amazon.com.br/PlayStation-5-Slim-Edi%C3%A7%C3%A3o-Digital/dp/B0CL5KNB9M/
2026-01-09 02:19:24,Erro,0.0,Falha,https://www.amazon.com.br/Apple-iPhone-15-128-GB/dp/B0CHH5H7Z7/
2026-01-09 06:45:02,PlayStation 5 Edição Digital (Slim),158.0,Sucesso,https://www.amazon.com.br/PlayStation-5-Slim-Edi%C3%A7%C3%A3o-Digital/dp/B0CL5KNB9M/
2026-01-09 06:45:02,Erro,0.0,Falha,https://www.amazon.com.br/Apple-iPhone-15-128-GB/dp/B0CHH5H7Z7/
2026-01-09 13:00:15,Erro,0.0,Falha,https://www.amazon.com.br/PlayStation-5-Slim-Edi%C3%A7%C3%A3o-Digital/dp/B0CL5KNB9M/
2026-01-09 13:00:15,Erro,0.0,Falha,https://www.amazon.com.br/Apple-iPhone-15-128-GB/dp/B0CHH5H7Z7/
2026-01-09 18:41:52,Erro,0.0,Falha,https://www.amazon.com.br/PlayStation-5-Slim-Edi%C3%A7%C3%A3o-Digital/dp/B0CL5KNB9M/
2026-01-09 18:41:52,Erro,0.0,Falha,https://www.amazon.com.br/Apple-iPhone-15-128-GB/dp/B0CHH5H7Z7/
2026-01-10 02:09:10,Erro,0.0,Falha,https://www.amazon.com.br/PlayStation-5-Slim-Edi%C3%A7%C3%A3o-Digital/dp/B0CL5KNB9M/
2026-01-10 02:09:10,Erro,0.0,Falha,https://www.amazon.com.br/Apple-iPhone-15-128-GB/dp/B0CHH5H7Z7/
2026-01-10 06:39:50,Erro,0.0,Falha,https://www.amazon.com.br/PlayStation-5-Slim-Edi%C3%A7%C3%A3o-Digital/dp/B0CL5KNB9M/
2026-01-10 06:39:50,Erro,0.0,Falha,https://www.amazon.com.br/Apple-iPhone-15-128-GB/dp/B0CHH5H7Z7/
2026-01-10 12:53:55,Erro,0.0,Falha,https://www.amazon.com.br/PlayStation-5-Slim-Edi%C3%A7%C3%A3o-Digital/dp/B0CL5KNB9M/
2026-01-10 12:53:55,Erro,0.0,Falha,https://www.amazon.com.br/Apple-iPhone-15-128-GB/dp/B0CHH5H7Z7/
2026-01-10 18:38:04,PlayStation 5 Edição Digital (Slim),397.0,Sucesso,https://www.amazon.com.br/PlayStation-5-Slim-Edi%C3%A7%C3%A3o-Digital/dp/B0CL5KNB9M/
2026-01-10 18:38:04,Erro,0.0,Falha,https://www.amazon.com.br/Apple-iPhone-15-128-GB/dp/B0CHH5H7Z7/
2026-01-11 02:29:07,Erro,0.0,Falha,https://www.amazon.com.br/PlayStation-5-Slim-Edi%C3%A7%C3%A3o-Digital/dp/B0CL5KNB9M/
2026-01-11 02:29:07,Erro,0.0,Falha,https://www.amazon.com.br/Apple-iPhone-15-128-GB/dp/B0CHH5H7Z7/
2026-01-11 06:41:34,PlayStation 5 Edição Digital (Slim),397.0,Sucesso,https://www.amazon.com.br/PlayStation-5-Slim-Edi%C3%A7%C3%A3o-Digital/dp/B0CL5KNB9M/
2026-01-11 06:41:34,Erro,0.0,Falha,https://www.amazon.com.br/Apple-iPhone-15-128-GB/dp/B0CHH5H7Z7/
2026-01-11 12:55:07,Erro,0.0,Falha,https://www.amazon.com.br/PlayStation-5-Slim-Edi%C3%A7%C3%A3o-Digital/dp/B0CL5KNB9M/
2026-01-11 12:55:07,Erro,0.0,Falha,https://www.amazon.com.br/Apple-iPhone-15-128-GB/dp/B0CHH5H7Z7/
2026-01-11 18:37:48,Erro,0.0,Falha,https://www.amazon.com.br/PlayStation-5-Slim-Edi%C3%A7%C3%A3o-Digital/dp/B0CL5KNB9M/
2026-01-11 18:37:48,Erro,0.0,Falha,https://www.amazon.com.br/Apple-iPhone-15-128-GB/dp/B0CHH5H7Z7/
2026-01-12 02:25:08,Erro,0.0,Falha,https://www.amazon.com.br/PlayStation-5-Slim-Edi%C3%A7%C3%A3o-Digital/dp/B0CL5KNB9M/
2026-01-12 02:25:08,Erro,0.0,Falha,https://www.amazon.com.br/Apple-iPhone-15-128-GB/dp/B0CHH5H7Z7/
2026-01-12 06:49:13,Erro,0.0,Falha,https://www.amazon.com.br/PlayStation-5-Slim-Edi%C3%A7%C3%A3o-Digital/dp/B0CL5KNB9M/
2026-01-12 06:49:13,Erro,0.0,Falha,https://www.amazon.com.br/Apple-iPhone-15-128-GB/dp/B0CHH5H7Z7/
2026-01-12 13:02:20,Erro,0.0,Falha,https://www.amazon.com.br/PlayStation-5-Slim-Edi%C3%A7%C3%A3o-Digital/dp/B0CL5KNB9M/
2026-01-12 13:02:20,Erro,0.0,Falha,https://www.amazon.com.br/Apple-iPhone-15-128-GB/dp/B0CHH5H7Z7/
2026-01-12 18:42:35,Erro,0.0,Falha,https://www.amazon.com.br/PlayStation-5-Slim-Edi%C3%A7%C3%A3o-Digital/dp/B0CL5KNB9M/
2026-01-12 18:42:35,Erro,0.0,Falha,https://www.amazon.com.br/Apple-iPhone-15-128-GB/dp/B0CHH5H7Z7/
2026-01-13 02:10:23,Erro,0.0,Falha,https://www.amazon.com.br/PlayStation-5-Slim-Edi%C3%A7%C3%A3o-Digital/dp/B0CL5KNB9M/
2026-01-13 02:10:23,Erro,0.0,Falha,https://www.amazon.com.br/Apple-iPhone-15-128-GB/dp/B0CHH5H7Z7/
2026-01-13 06:45:08,Erro,0.0,Falha,https://www.amazon.com.br/PlayStation-5-Slim-Edi%C3%A7%C3%A3o-Digital/dp/B0CL5KNB9M/
2026-01-13 06:45:08,Erro,0.0,Falha,https://www.amazon.com.br/Apple-iPhone-15-128-GB/dp/B0CHH5H7Z7/
2026-01-13 13:02:23,Erro,0.0,Falha,https://www.amazon.com.br/PlayStation-5-Slim-Edi%C3%A7%C3%A3o-Digital/dp/B0CL5KNB9M/
2026-01-13 13:02:23,Erro,0.0,Falha,https://www.amazon.com.br/Apple-iPhone-15-128-GB/dp/B0CHH5H7Z7/
2026-01-13 18:40:15,Erro,0.0,Falha,https://www.amazon.com.br/PlayStation-5-Slim-Edi%C3%A7%C3%A3o-Digital/dp/B0CL5KNB9M/
2026-01-13 18:40:15,Erro,0.0,Falha,https://www.amazon.com.br/Apple-iPhone-15-128-GB/dp/B0CHH5H7Z7/
2026-01-14 02:23:51,Erro,0.0,Falha,https://www.amazon.com.br/PlayStation-5-Slim-Edi%C3%A7%C3%A3o-Digital/dp/B0CL5KNB9M/
2026-01-14 02:23:51,Erro,0.0,Falha,https://www.amazon.com.br/Apple-iPhone-15-128-GB/dp/B0CHH5H7Z7/
2026-01-14 06:45:00,Erro,0.0,Falha,https://www.amazon.com.br/PlayStation-5-Slim-Edi%C3%A7%C3%A3o-Digital/dp/B0CL5KNB9M/
2026-01-14 06:45:00,Erro,0.0,Falha,https://www.amazon.com.br/Apple-iPhone-15-128-GB/dp/B0CHH5H7Z7/
2026-01-14 13:02:26,Erro,0.0,Falha,https://www.amazon.com.br/PlayStation-5-Slim-Edi%C3%A7%C3%A3o-Digital/dp/B0CL5KNB9M/
2026-01-14 13:02:26,Erro,0.0,Falha,https://www.amazon.com.br/Apple-iPhone-15-128-GB/dp/B0CHH5H7Z7/
2026-01-14 18:43:17,Erro,0.0,Falha,https://www.amazon.com.br/PlayStation-5-Slim-Edi%C3%A7%C3%A3o-Digital/dp/B0CL5KNB9M/
2026-01-14 18:43:17,Erro,0.0,Falha,https://www.amazon.com.br/Apple-iPhone-15-128-GB/dp/B0CHH5H7Z7/
2026-01-15 02:11:54,Erro,0.0,Falha,https://www.amazon.com.br/PlayStation-5-Slim-Edi%C3%A7%C3%A3o-Digital/dp/B0CL5KNB9M/
2026-01-15 02:11:54,Erro,0.0,Falha,https://www.amazon.com.br/Apple-iPhone-15-128-GB/dp/B0CHH5H7Z7/
2026-01-15 06:44:33,PlayStation 5 Edição Digital (Slim),389.0,Sucesso,https://www.amazon.com.br/PlayStation-5-Slim-Edi%C3%A7%C3%A3o-Digital/dp/B0CL5KNB9M/
2026-01-15 06:44:33,Erro,0.0,Falha,https://www.amazon.com.br/Apple-iPhone-15-128-GB/dp/B0CHH5H7Z7/
2026-01-15 13:00:50,Erro,0.0,Falha,https://www.amazon.com.br/PlayStation-5-Slim-Edi%C3%A7%C3%A3o-Digital/dp/B0CL5KNB9M/
2026-01-15 13:00:50,Erro,0.0,Falha,https://www.amazon.com.br/Apple-iPhone-15-128-GB/dp/B0CHH5H7Z7/
2026-01-15 18:47:59,Erro,0.0,Falha,https://www.amazon.com.br/PlayStation-5-Slim-Edi%C3%A7%C3%A3o-Digital/dp/B0CL5KNB9M/
2026-01-15 18:47:59,Erro,0.0,Falha,https://www.amazon.com.br/Apple-iPhone-15-128-GB/dp/B0CHH5H7Z7/
2026-01-16 02:20:03,Erro,0.0,Falha,https://www.amazon.com.br/PlayStation-5-Slim-Edi%C3%A7%C3%A3o-Digital/dp/B0CL5KNB9M/
2026-01-16 02:20:03,Erro,0.0,Falha,https://www.amazon.com.br/Apple-iPhone-15-128-GB/dp/B0CHH5H7Z7/
2026-01-16 06:44:50,Erro,0.0,Falha,https://www.amazon.com.br/PlayStation-5-Slim-Edi%C3%A7%C3%A3o-Digital/dp/B0CL5KNB9M/
2026-01-16 06:44:50,Erro,0.0,Falha,https://www.amazon.com.br/Apple-iPhone-15-128-GB/dp/B0CHH5H7Z7/
2026-01-16 12:59:50,Erro,0.0,Falha,https://www.amazon.com.br/PlayStation-5-Slim-Edi%C3%A7%C3%A3o-Digital/dp/B0CL5KNB9M/
2026-01-16 12:59:50,Erro,0.0,Falha,https://www.amazon.com.br/Apple-iPhone-15-128-GB/dp/B0CHH5H7Z7/
2026-01-16 18:42:30,Erro,0.0,Falha,https://www.amazon.com.br/PlayStation-5-Slim-Edi%C3%A7%C3%A3o-Digital/dp/B0CL5KNB9M/
2026-01-16 18:42:30,Erro,0.0,Falha,https://www.amazon.com.br/Apple-iPhone-15-128-GB/dp/B0CHH5H7Z7/
2026-01-17 02:07:30,Erro,0.0,Falha,https://www.amazon.com.br/PlayStation-5-Slim-Edi%C3%A7%C3%A3o-Digital/dp/B0CL5KNB9M/
2026-01-17 02:07:30,Erro,0.0,Falha,https://www.amazon.com.br/Apple-iPhone-15-128-GB/dp/B0CHH5H7Z7/
2026-01-17 06:39:56,Erro,0.0,Falha,https://www.amazon.com.br/PlayStation-5-Slim-Edi%C3%A7%C3%A3o-Digital/dp/B0CL5KNB9M/
2026-01-17 06:39:56,Erro,0.0,Falha,https://www.amazon.com.br/Apple-iPhone-15-128-GB/dp/B0CHH5H7Z7/
2026-01-17 12:53:54,Erro,0.0,Falha,https://www.amazon.com.br/PlayStation-5-Slim-Edi%C3%A7%C3%A3o-Digital/dp/B0CL5KNB9M/
2026-01-17 12:53:54,Erro,0.0,Falha,https://www.amazon.com.br/Apple-iPhone-15-128-GB/dp/B0CHH5H7Z7/
2026-01-17 18:37:12,PlayStation 5 Edição Digital (Slim),399.0,Sucesso,https://www.amazon.com.br/PlayStation-5-Slim-Edi%C3%A7%C3%A3o-Digital/dp/B0CL5KNB9M/
2026-01-17 18:37:12,Erro,0.0,Falha,https://www.amazon.com.br/Apple-iPhone-15-128-GB/dp/B0CHH5H7Z7/
2026-01-18 02:27:52,Erro,0.0,Falha,https://www.amazon.com.br/PlayStation-5-Slim-Edi%C3%A7%C3%A3o-Digital/dp/B0CL5KNB9M/
2026-01-18 02:27:52,Erro,0.0,Falha,https://www.amazon.com.br/Apple-iPhone-15-128-GB/dp/B0CHH5H7Z7/
2026-01-18 06:40:54,Erro,0.0,Falha,https://www.amazon.com.br/PlayStation-5-Slim-Edi%C3%A7%C3%A3o-Digital/dp/B0CL5KNB9M/
2026-01-18 06:40:54,Erro,0.0,Falha,https://www.amazon.com.br/Apple-iPhone-15-128-GB/dp/B0CHH5H7Z7/
2026-01-18 12:53:55,PlayStation 5 Edição Digital (Slim),399.0,Sucesso,https://www.amazon.com.br/PlayStation-5-Slim-Edi%C3%A7%C3%A3o-Digital/dp/B0CL5KNB9M/
2026-01-18 12:53:55,Erro,0.0,Falha,https://www.amazon.com.br/Apple-iPhone-15-128-GB/dp/B0CHH5H7Z7/
2026-01-18 18:36:27,PlayStation 5 Edição Digital (Slim),399.0,Sucesso,https://www.amazon.com.br/PlayStation-5-Slim-Edi%C3%A7%C3%A3o-Digital/dp/B0CL5KNB9M/
2026-01-18 18:36:27,Erro,0.0,Falha,https://www.amazon.com.br/Apple-iPhone-15-128-GB/dp/B0CHH5H7Z7/
2026-01-19 02:25:15,Erro,0.0,Falha,https://www.amazon.com.br/PlayStation-5-Slim-Edi%C3%A7%C3%A3o-Digital/dp/B0CL5KNB9M/
2026-01-19 02:25:15,Erro,0.0,Falha,https://www.amazon.com.br/Apple-iPhone-15-128-GB/dp/B0CHH5H7Z7/
2026-01-19 06:50:52,Erro,0.0,Falha,https://www.amazon.com.br/PlayStation-5-Slim-Edi%C3%A7%C3%A3o-Digital/dp/B0CL5KNB9M/
2026-01-19 06:50:52,Erro,0.0,Falha,https://www.amazon.com.br/Apple-iPhone-15-128-GB/dp/B0CHH5H7Z7/
2026-01-19 13:05:31,Erro,0.0,Falha,https://www.amazon.com.br/PlayStation-5-Slim-Edi%C3%A7%C3%A3o-Digital/dp/B0CL5KNB9M/
2026-01-19 13:05:31,Erro,0.0,Falha,https://www.amazon.com.br/Apple-iPhone-15-128-GB/dp/B0CHH5H7Z7/
2026-01-19 18:41:38,Erro,0.0,Falha,https://www.amazon.com.br/PlayStation-5-Slim-Edi%C3%A7%C3%A3o-Digital/dp/B0CL5KNB9M/
2026-01-19 18:41:38,Erro,0.0,Falha,https://www.amazon.com.br/Apple-iPhone-15-128-GB/dp/B0CHH5H7Z7/
2026-01-20 02:20:14,Erro,0.0,Falha,https://www.amazon.com.br/PlayStation-5-Slim-Edi%C3%A7%C3%A3o-Digital/dp/B0CL5KNB9M/
2026-01-20 02:20:14,Erro,0.0,Falha,https://www.amazon.com.br/Apple-iPhone-15-128-GB/dp/B0CHH5H7Z7/
2026-01-20 06:48:37,Erro,0.0,Falha,https://www.amazon.com.br/PlayStation-5-Slim-Edi%C3%A7%C3%A3o-Digital/dp/B0CL5KNB9M/
2026-01-20 06:48:37,Erro,0.0,Falha,https://www.amazon.com.br/Apple-iPhone-15-128-GB/dp/B0CHH5H7Z7/
2026-01-20 13:06:02,Erro,0.0,Falha,https://www.amazon.com.br/PlayStation-5-Slim-Edi%C3%A7%C3%A3o-Digital/dp/B0CL5KNB9M/
2026-01-20 13:06:02,Erro,0.0,Falha,https://www.amazon.com.br/Apple-iPhone-15-128-GB/dp/B0CHH5H7Z7/
2026-01-20 18:54:35,Erro,0.0,Falha,https://www.amazon.com.br/PlayStation-5-Slim-Edi%C3%A7%C3%A3o-Digital/dp/B0CL5KNB9M/
2026-01-20 18:54:35,Erro,0.0,Falha,https://www.amazon.com.br/Apple-iPhone-15-128-GB/dp/B0CHH5H7Z7/
2026-01-21 02:23:10,Erro,0.0,Falha,https://www.amazon.com.br/PlayStation-5-Slim-Edi%C3%A7%C3%A3o-Digital/dp/B0CL5KNB9M/
2026-01-21 02:23:10,Erro,0.0,Falha,https://www.amazon.com.br/Apple-iPhone-15-128-GB/dp/B0CHH5H7Z7/
2026-01-21 06:48:38,Erro,0.0,Falha,https://www.amazon.com.br/PlayStation-5-Slim-Edi%C3%A7%C3%A3o-Digital/dp/B0CL5KNB9M/
2026-01-21 06:48:38,Erro,0.0,Falha,https://www.amazon.com.br/Apple-iPhone-15-128-GB/dp/B0CHH5H7Z7/
2026-01-21 13:05:01,Erro,0.0,Falha,https://www.amazon.com.br/PlayStation-5-Slim-Edi%C3%A7%C3%A3o-Digital/dp/B0CL5KNB9M/
2026-01-21 13:05:01,Erro,0.0,Falha,https://www.amazon.com.br/Apple-iPhone-15-128-GB/dp/B0CHH5H7Z7/
2026-01-21 18:53:39,Erro,0.0,Falha,https://www.amazon.com.br/PlayStation-5-Slim-Edi%C3%A7%C3%A3o-Digital/dp/B0CL5KNB9M/
2026-01-21 18:53:39,Erro,0.0,Falha,https://www.amazon.com.br/Apple-iPhone-15-128-GB/dp/B0CHH5H7Z7/
2026-01-22 02:24:30,Erro,0.0,Falha,https://www.amazon.com.br/PlayStation-5-Slim-Edi%C3%A7%C3%A3o-Digital/dp/B0CL5KNB9M/
2026-01-22 02:24:30,Erro,0.0,Falha,https://www.amazon.com.br/Apple-iPhone-15-128-GB/dp/B0CHH5H7Z7/
2026-01-22 06:46:39,Erro,0.0,Falha,https://www.amazon.com.br/PlayStation-5-Slim-Edi%C3%A7%C3%A3o-Digital/dp/B0CL5KNB9M/
2026-01-22 06:46:39,Erro,0.0,Falha,https://www.amazon.com.br/Apple-iPhone-15-128-GB/dp/B0CHH5H7Z7/
2026-01-22 13:05:55,Erro,0.0,Falha,https://www.amazon.com.br/PlayStation-5-Slim-Edi%C3%A7%C3%A3o-Digital/dp/B0CL5KNB9M/
2026-01-22 13:05:55,Erro,0.0,Falha,https://www.amazon.com.br/Apple-iPhone-15-128-GB/dp/B0CHH5H7Z7/
2026-01-22 18:44:36,Erro,0.0,Falha,https://www.amazon.com.br/PlayStation-5-Slim-Edi%C3%A7%C3%A3o-Digital/dp/B0CL5KNB9M/
2026-01-22 18:44:36,Erro,0.0,Falha,https://www.amazon.com.br/Apple-iPhone-15-128-GB/dp/B0CHH5H7Z7/
2026-01-23 02:20:17,Erro,0.0,Falha,https://www.amazon.com.br/PlayStation-5-Slim-Edi%C3%A7%C3%A3o-Digital/dp/B0CL5KNB9M/
2026-01-23 02:20:17,Erro,0.0,Falha,https://www.amazon.com.br/Apple-iPhone-15-128-GB/dp/B0CHH5H7Z7/
2026-01-23 06:46:08,Erro,0.0,Falha,https://www.amazon.com.br/PlayStation-5-Slim-Edi%C3%A7%C3%A3o-Digital/dp/B0CL5KNB9M/
2026-01-23 06:46:08,Erro,0.0,Falha,https://www.amazon.com.br/Apple-iPhone-15-128-GB/dp/B0CHH5H7Z7/
2026-01-23 13:02:57,Erro,0.0,Falha,https://www.amazon.com.br/PlayStation-5-Slim-Edi%C3%A7%C3%A3o-Digital/dp/B0CL5KNB9M/
2026-01-23 13:02:57,Erro,0.0,Falha,https://www.amazon.com.br/Apple-iPhone-15-128-GB/dp/B0CHH5H7Z7/
2026-01-23 18:44:41,PlayStation 5 Edição Digital (Slim),389.0,Sucesso,https://www.amazon.com.br/PlayStation-5-Slim-Edi%C3%A7%C3%A3o-Digital/dp/B0CL5KNB9M/
2026-01-23 18:44:41,Erro,0.0,Falha,https://www.amazon.com.br/Apple-iPhone-15-128-GB/dp/B0CHH5H7Z7/
2026-01-24 02:09:51,Erro,0.0,Falha,https://www.amazon.com.br/PlayStation-5-Slim-Edi%C3%A7%C3%A3o-Digital/dp/B0CL5KNB9M/
2026-01-24 02:09:51,Erro,0.0,Falha,https://www.amazon.com.br/Apple-iPhone-15-128-GB/dp/B0CHH5H7Z7/
2026-01-24 06:41:06,PlayStation 5 Edição Digital (Slim),371.0,Sucesso,https://www.amazon.com.br/PlayStation-5-Slim-Edi%C3%A7%C3%A3o-Digital/dp/B0CL5KNB9M/
2026-01-24 06:41:06,Erro,0.0,Falha,https://www.amazon.com.br/Apple-iPhone-15-128-GB/dp/B0CHH5H7Z7/
2026-01-24 12:55:16,Erro,0.0,Falha,https://www.amazon.com.br/PlayStation-5-Slim-Edi%C3%A7%C3%A3o-Digital/dp/B0CL5KNB9M/
2026-01-24 12:55:16,Erro,0.0,Falha,https://www.amazon.com.br/Apple-iPhone-15-128-GB/dp/B0CHH5H7Z7/
2026-01-24 18:39:07,Erro,0.0,Falha,https://www.amazon.com.br/PlayStation-5-Slim-Edi%C3%A7%C3%A3o-Digital/dp/B0CL5KNB9M/
2026-01-24 18:39:07,Erro,0.0,Falha,https://www.amazon.com.br/Apple-iPhone-15-128-GB/dp/B0CHH5H7Z7/
2026-01-25 02:31:27,Erro,0.0,Falha,https://www.amazon.com.br/PlayStation-5-Slim-Edi%C3%A7%C3%A3o-Digital/dp/B0CL5KNB9M/
2026-01-25 02:31:27,Erro,0.0,Falha,https://www.amazon.com.br/Apple-iPhone-15-128-GB/dp/B0CHH5H7Z7/
2026-01-25 06:41:38,Erro,0.0,Falha,https://www.amazon.com.br/PlayStation-5-Slim-Edi%C3%A7%C3%A3o-Digital/dp/B0CL5KNB9M/
2026-01-25 06:41:38,Erro,0.0,Falha,https://www.amazon.com.br/Apple-iPhone-15-128-GB/dp/B0CHH5H7Z7/
2026-01-25 12:57:05,Erro,0.0,Falha,https://www.amazon.com.br/PlayStation-5-Slim-Edi%C3%A7%C3%A3o-Digital/dp/B0CL5KNB9M/
2026-01-25 12:57:05,Erro,0.0,Falha,https://www.amazon.com.br/Apple-iPhone-15-128-GB/dp/B0CHH5H7Z7/
2026-01-25 18:39:09,Erro,0.0,Falha,https://www.amazon.com.br/PlayStation-5-Slim-Edi%C3%A7%C3%A3o-Digital/dp/B0CL5KNB9M/
2026-01-25 18:39:09,Erro,0.0,Falha,https://www.amazon.com.br/Apple-iPhone-15-128-GB/dp/B0CHH5H7Z7/
2026-01-26 02:30:42,Erro,0.0,Falha,https://www.amazon.com.br/PlayStation-5-Slim-Edi%C3%A7%C3%A3o-Digital/dp/B0CL5KNB9M/
2026-01-26 02:30:42,Erro,0.0,Falha,https://www.amazon.com.br/Apple-iPhone-15-128-GB/dp/B0CHH5H7Z7/
2026-01-26 06:49:50,PlayStation 5 Edição Digital (Slim),371.0,Sucesso,https://www.amazon.com.br/PlayStation-5-Slim-Edi%C3%A7%C3%A3o-Digital/dp/B0CL5KNB9M/
2026-01-26 06:49:50,Erro,0.0,Falha,https://www.amazon.com.br/Apple-iPhone-15-128-GB/dp/B0CHH5H7Z7/
2026-01-26 13:03:57,Erro,0.0,Falha,https://www.amazon.com.br/PlayStation-5-Slim-Edi%C3%A7%C3%A3o-Digital/dp/B0CL5KNB9M/
2026-01-26 13:03:57,Erro,0.0,Falha,https://www.amazon.com.br/Apple-iPhone-15-128-GB/dp/B0CHH5H7Z7/
2026-01-26 18:48:07,Erro,0.0,Falha,https://www.amazon.com.br/PlayStation-5-Slim-Edi%C3%A7%C3%A3o-Digital/dp/B0CL5KNB9M/
2026-01-26 18:48:07,Erro,0.0,Falha,https://www.amazon.com.br/Apple-iPhone-15-128-GB/dp/B0CHH5H7Z7/
2026-01-27 02:26:24,Erro,0.0,Falha,https://www.amazon.com.br/PlayStation-5-Slim-Edi%C3%A7%C3%A3o-Digital/dp/B0CL5KNB9M/
2026-01-27 02:26:24,Erro,0.0,Falha,https://www.amazon.com.br/Apple-iPhone-15-128-GB/dp/B0CHH5H7Z7/
2026-01-27 06:48:22,PlayStation 5 Edição Digital (Slim),371.0,Sucesso,https://www.amazon.com.br/PlayStation-5-Slim-Edi%C3%A7%C3%A3o-Digital/dp/B0CL5KNB9M/
2026-01-27 06:48:22,Erro,0.0,Falha,https://www.amazon.com.br/Apple-iPhone-15-128-GB/dp/B0CHH5H7Z7/
2026-01-27 13:06:18,Erro,0.0,Falha,https://www.amazon.com.br/PlayStation-5-Slim-Edi%C3%A7%C3%A3o-Digital/dp/B0CL5KNB9M/
2026-01-27 13:06:18,Erro,0.0,Falha,https://www.amazon.com.br/Apple-iPhone-15-128-GB/dp/B0CHH5H7Z7/
2026-01-27 18:50:55,Erro,0.0,Falha,https://www.amazon.com.br/PlayStation-5-Slim-Edi%C3%A7%C3%A3o-Digital/dp/B0CL5KNB9M/
2026-01-27 18:50:55,Erro,0.0,Falha,https://www.amazon.com.br/Apple-iPhone-15-128-GB/dp/B0CHH5H7Z7/
2026-01-28 02:22:38,PlayStation 5 Edição Digital (Slim),371.0,Sucesso,https://www.amazon.com.br/PlayStation-5-Slim-Edi%C3%A7%C3%A3o-Digital/dp/B0CL5KNB9M/
2026-01-28 02:22:38,Erro,0.0,Falha,https://www.amazon.com.br/Apple-iPhone-15-128-GB/dp/B0CHH5H7Z7/
2026-01-28 06:48:05,Erro,0.0,Falha,https://www.amazon.com.br/PlayStation-5-Slim-Edi%C3%A7%C3%A3o-Digital/dp/B0CL5KNB9M/
2026-01-28 06:48:05,Erro,0.0,Falha,https://www.amazon.com.br/Apple-iPhone-15-128-GB/dp/B0CHH5H7Z7/
2026-01-28 13:06:32,Erro,0.0,Falha,https://www.amazon.com.br/PlayStation-5-Slim-Edi%C3%A7%C3%A3o-Digital/dp/B0CL5KNB9M/
2026-01-28 13:06:32,Erro,0.0,Falha,https://www.amazon.com.br/Apple-iPhone-15-128-GB/dp/B0CHH5H7Z7/
2026-01-28 18:47:35,Erro,0.0,Falha,https://www.amazon.com.br/PlayStation-5-Slim-Edi%C3%A7%C3%A3o-Digital/dp/B0CL5KNB9M/
2026-01-28 18:47:35,Erro,0.0,Falha,https://www.amazon.com.br/Apple-iPhone-15-128-GB/dp/B0CHH5H7Z7/
2026-01-29 02:39:30,Erro,0.0,Falha,https://www.amazon.com.br/PlayStation-5-Slim-Edi%C3%A7%C3%A3o-Digital/dp/B0CL5KNB9M/
2026-01-29 02:39:30,Erro,0.0,Falha,https://www.amazon.com.br/Apple-iPhone-15-128-GB/dp/B0CHH5H7Z7/
2026-01-29 06:59:00,PlayStation 5 Edição Digital (Slim),371.0,Sucesso,https://www.amazon.com.br/PlayStation-5-Slim-Edi%C3%A7%C3%A3o-Digital/dp/B0CL5KNB9M/
2026-01-29 06:59:00,Erro,0.0,Falha,https://www.amazon.com.br/Apple-iPhone-15-128-GB/dp/B0CHH5H7Z7/
2026-01-29 13:13:48,PlayStation 5 Edição Digital (Slim),371.0,Sucesso,https://www.amazon.com.br/PlayStation-5-Slim-Edi%C3%A7%C3%A3o-Digital/dp/B0CL5KNB9M/
2026-01-29 13:13:48,Erro,0.0,Falha,https://www.amazon.com.br/Apple-iPhone-15-128-GB/dp/B0CHH5H7Z7/
2026-01-29 18:58:07,Erro,0.0,Falha,https://www.amazon.com.br/PlayStation-5-Slim-Edi%C3%A7%C3%A3o-Digital/dp/B0CL5KNB9M/
2026-01-29 18:58:07,Erro,0.0,Falha,https://www.amazon.com.br/Apple-iPhone-15-128-GB/dp/B0CHH5H7Z7/
2026-01-30 02:39:52,PlayStation 5 Edição Digital (Slim),371.0,Sucesso,https://www.amazon.com.br/PlayStation-5-Slim-Edi%C3%A7%C3%A3o-Digital/dp/B0CL5KNB9M/
2026-01-30 02:39:52,Erro,0.0,Falha,https://www.amazon.com.br/Apple-iPhone-15-128-GB/dp/B0CHH5H7Z7/
2026-01-30 07:00:23,PlayStation 5 Edição Digital (Slim),371.0,Sucesso,https://www.amazon.com.br/PlayStation-5-Slim-Edi%C3%A7%C3%A3o-Digital/dp/B0CL5KNB9M/
2026-01-30 07:00:23,Erro,0.0,Falha,https://www.amazon.com.br/Apple-iPhone-15-128-GB/dp/B0CHH5H7Z7/
2026-01-30 13:12:11,Erro,0.0,Falha,https://www.amazon.com.br/PlayStation-5-Slim-Edi%C3%A7%C3%A3o-Digital/dp/B0CL5KNB9M/
2026-01-30 13:12:11,Erro,0.0,Falha,https://www.amazon.com.br/Apple-iPhone-15-128-GB/dp/B0CHH5H7Z7/
2026-01-30 18:55:28,PlayStation 5 Edição Digital (Slim),371.0,Sucesso,https://www.amazon.com.br/PlayStation-5-Slim-Edi%C3%A7%C3%A3o-Digital/dp/B0CL5KNB9M/
2026-01-30 18:55:28,Erro,0.0,Falha,https://www.amazon.com.br/Apple-iPhone-15-128-GB/dp/B0CHH5H7Z7/
2026-01-31 02:34:56,PlayStation 5 Edição Digital (Slim),399.0,Sucesso,https://www.amazon.com.br/PlayStation-5-Slim-Edi%C3%A7%C3%A3o-Digital/dp/B0CL5KNB9M/
2026-01-31 02:34:56,Erro,0.0,Falha,https://www.amazon.com.br/Apple-iPhone-15-128-GB/dp/B0CHH5H7Z7/
2026-01-31 06:51:36,PlayStation 5 Edição Digital (Slim),399.0,Sucesso,https://www.amazon.com.br/PlayStation-5-Slim-Edi%C3%A7%C3%A3o-Digital/dp/B0CL5KNB9M/
2026-01-31 06:51:36,Erro,0.0,Falha,https://www.amazon.com.br/Apple-iPhone-15-128-GB/dp/B0CHH5H7Z7/
2026-01-31 13:03:17,PlayStation 5 Edição Digital (Slim),399.0,Sucesso,https://www.amazon.com.br/PlayStation-5-Slim-Edi%C3%A7%C3%A3o-Digital/dp/B0CL5KNB9M/
2026-01-31 13:03:17,Erro,0.0,Falha,https://www.amazon.com.br/Apple-iPhone-15-128-GB/dp/B0CHH5H7Z7/
2026-01-31 18:42:32,Erro,0.0,Falha,https://www.amazon.com.br/PlayStation-5-Slim-Edi%C3%A7%C3%A3o-Digital/dp/B0CL5KNB9M/
2026-01-31 18:42:32,Erro,0.0,Falha,https://www.amazon.com.br/Apple-iPhone-15-128-GB/dp/B0CHH5H7Z7/
2026-02-01 03:16:57,Erro,0.0,Falha,https://www.amazon.com.br/PlayStation-5-Slim-Edi%C3%A7%C3%A3o-Digital/dp/B0CL5KNB9M/
2026-02-01 03:16:57,Erro,0.0,Falha,https://www.amazon.com.br/Apple-iPhone-15-128-GB/dp/B0CHH5H7Z7/
2026-02-01 06:59:50,Erro,0.0,Falha,https://www.amazon.com.br/PlayStation-5-Slim-Edi%C3%A7%C3%A3o-Digital/dp/B0CL5KNB9M/
2026-02-01 06:59:50,Erro,0.0,Falha,https://www.amazon.com.br/Apple-iPhone-15-128-GB/dp/B0CHH5H7Z7/
2026-02-01 13:05:41,Erro,0.0,Falha,https://www.amazon.com.br/PlayStation-5-Slim-Edi%C3%A7%C3%A3o-Digital/dp/B0CL5KNB9M/
2026-02-01 13:05:41,Erro,0.0,Falha,https://www.amazon.com.br/Apple-iPhone-15-128-GB/dp/B0CHH5H7Z7/
2026-02-01 18:46:45,Erro,0.0,Falha,https://www.amazon.com.br/PlayStation-5-Slim-Edi%C3%A7%C3%A3o-Digital/dp/B0CL5KNB9M/
2026-02-01 18:46:45,Erro,0.0,Falha,https://www.amazon.com.br/Apple-iPhone-15-128-GB/dp/B0CHH5H7Z7/
2026-02-02 02:49:57,Erro,0.0,Falha,https://www.amazon.com.br/PlayStation-5-Slim-Edi%C3%A7%C3%A3o-Digital/dp/B0CL5KNB9M/
2026-02-02 02:49:57,Erro,0.0,Falha,https://www.amazon.com.br/Apple-iPhone-15-128-GB/dp/B0CHH5H7Z7/
2026-02-02 07:12:08,Erro,0.0,Falha,https://www.amazon.com.br/PlayStation-5-Slim-Edi%C3%A7%C3%A3o-Digital/dp/B0CL5KNB9M/
2026-02-02 07:12:08,Erro,0.0,Falha,https://www.amazon.com.br/Apple-iPhone-15-128-GB/dp/B0CHH5H7Z7/
2026-02-02 13:16:51,Erro,0.0,Falha,https://www.amazon.com.br/PlayStation-5-Slim-Edi%C3%A7%C3%A3o-Digital/dp/B0CL5KNB9M/
2026-02-02 13:16:51,Erro,0.0,Falha,https://www.amazon.com.br/Apple-iPhone-15-128-GB/dp/B0CHH5H7Z7/
2026-02-03 02:46:21,Erro,0.0,Falha,https://www.amazon.com.br/PlayStation-5-Slim-Edi%C3%A7%C3%A3o-Digital/dp/B0CL5KNB9M/
2026-02-03 02:46:21,Erro,0.0,Falha,https://www.amazon.com.br/Apple-iPhone-15-128-GB/dp/B0CHH5H7Z7/
2026-02-03 07:01:52,Erro,0.0,Falha,https://www.amazon.com.br/PlayStation-5-Slim-Edi%C3%A7%C3%A3o-Digital/dp/B0CL5KNB9M/
2026-02-03 07:01:52,Erro,0.0,Falha,https://www.amazon.com.br/Apple-iPhone-15-128-GB/dp/B0CHH5H7Z7/
2026-02-03 13:17:27,PlayStation 5 Edição Digital (Slim),419.0,Sucesso,https://www.amazon.com.br/PlayStation-5-Slim-Edi%C3%A7%C3%A3o-Digital/dp/B0CL5KNB9M/
2026-02-03 13:17:27,Erro,0.0,Falha,https://www.amazon.com.br/Apple-iPhone-15-128-GB/dp/B0CHH5H7Z7/
2026-02-03 19:04:54,Erro,0.0,Falha,https://www.amazon.com.br/PlayStation-5-Slim-Edi%C3%A7%C3%A3o-Digital/dp/B0CL5KNB9M/
2026-02-03 19:04:54,Erro,0.0,Falha,https://www.amazon.com.br/Apple-iPhone-15-128-GB/dp/B0CHH5H7Z7/
2026-02-04 02:40:52,Erro,0.0,Falha,https://www.amazon.com.br/PlayStation-5-Slim-Edi%C3%A7%C3%A3o-Digital/dp/B0CL5KNB9M/
2026-02-04 02:40:52,Erro,0.0,Falha,https://www.amazon.com.br/Apple-iPhone-15-128-GB/dp/B0CHH5H7Z7/
2026-02-04 07:02:54,Erro,0.0,Falha,https://www.amazon.com.br/PlayStation-5-Slim-Edi%C3%A7%C3%A3o-Digital/dp/B0CL5KNB9M/
2026-02-04 07:02:54,Erro,0.0,Falha,https://www.amazon.com.br/Apple-iPhone-15-128-GB/dp/B0CHH5H7Z7/
2026-02-04 13:16:47,Erro,0.0,Falha,https://www.amazon.com.br/PlayStation-5-Slim-Edi%C3%A7%C3%A3o-Digital/dp/B0CL5KNB9M/
2026-02-04 13:16:47,Erro,0.0,Falha,https://www.amazon.com.br/Apple-iPhone-15-128-GB/dp/B0CHH5H7Z7/
2026-02-04 19:00:23,PlayStation 5 Edição Digital (Slim),129.0,Sucesso,https://www.amazon.com.br/PlayStation-5-Slim-Edi%C3%A7%C3%A3o-Digital/dp/B0CL5KNB9M/
2026-02-04 19:00:23,Erro,0.0,Falha,https://www.amazon.com.br/Apple-iPhone-15-128-GB/dp/B0CHH5H7Z7/
2026-02-05 02:42:49,Erro,0.0,Falha,https://www.amazon.com.br/PlayStation-5-Slim-Edi%C3%A7%C3%A3o-Digital/dp/B0CL5KNB9M/
2026-02-05 02:42:49,Erro,0.0,Falha,https://www.amazon.com.br/Apple-iPhone-15-128-GB/dp/B0CHH5H7Z7/
2026-02-05 07:08:54,Erro,0.0,Falha,https://www.amazon.com.br/PlayStation-5-Slim-Edi%C3%A7%C3%A3o-Digital/dp/B0CL5KNB9M/
2026-02-05 07:08:54,Erro,0.0,Falha,https://www.amazon.com.br/Apple-iPhone-15-128-GB/dp/B0CHH5H7Z7/
2026-02-05 13:18:48,Erro,0.0,Falha,https://www.amazon.com.br/PlayStation-5-Slim-Edi%C3%A7%C3%A3o-Digital/dp/B0CL5KNB9M/
2026-02-05 13:18:48,Erro,0.0,Falha,https://www.amazon.com.br/Apple-iPhone-15-128-GB/dp/B0CHH5H7Z7/
2026-02-05 18:58:57,PlayStation 5 Edição Digital (Slim),349.0,Sucesso,https://www.amazon.com.br/PlayStation-5-Slim-Edi%C3%A7%C3%A3o-Digital/dp/B0CL5KNB9M/
2026-02-05 18:58:57,Erro,0.0,Falha,https://www.amazon.com.br/Apple-iPhone-15-128-GB/dp/B0CHH5H7Z7/
2026-02-06 02:43:06,Erro,0.0,Falha,https://www.amazon.com.br/PlayStation-5-Slim-Edi%C3%A7%C3%A3o-Digital/dp/B0CL5KNB9M/
2026-02-06 02:43:06,Erro,0.0,Falha,https://www.amazon.com.br/Apple-iPhone-15-128-GB/dp/B0CHH5H7Z7/
2026-02-06 07:03:53,Erro,0.0,Falha,https://www.amazon.com.br/PlayStation-5-Slim-Edi%C3%A7%C3%A3o-Digital/dp/B0CL5KNB9M/
2026-02-06 07:03:53,Erro,0.0,Falha,https://www.amazon.com.br/Apple-iPhone-15-128-GB/dp/B0CHH5H7Z7/
2026-02-06 13:16:15,Erro,0.0,Falha,https://www.amazon.com.br/PlayStation-5-Slim-Edi%C3%A7%C3%A3o-Digital/dp/B0CL5KNB9M/
2026-02-06 13:16:15,Erro,0.0,Falha,https://www.amazon.com.br/Apple-iPhone-15-128-GB/dp/B0CHH5H7Z7/
2026-02-06 19:01:00,Erro,0.0,Falha,https://www.amazon.com.br/PlayStation-5-Slim-Edi%C3%A7%C3%A3o-Digital/dp/B0CL5KNB9M/
2026-02-06 19:01:00,Erro,0.0,Falha,https://www.amazon.com.br/Apple-iPhone-15-128-GB/dp/B0CHH5H7Z7/
2026-02-07 02:38:33,Erro,0.0,Falha,https://www.amazon.com.br/PlayStation-5-Slim-Edi%C3%A7%C3%A3o-Digital/dp/B0CL5KNB9M/
2026-02-07 02:38:33,Erro,0.0,Falha,https://www.amazon.com.br/Apple-iPhone-15-128-GB/dp/B0CHH5H7Z7/
2026-02-07 06:53:47,PlayStation 5 Edição Digital (Slim),169.0,Sucesso,https://www.amazon.com.br/PlayStation-5-Slim-Edi%C3%A7%C3%A3o-Digital/dp/B0CL5KNB9M/
2026-02-07 06:53:47,Erro,0.0,Falha,https://www.amazon.com.br/Apple-iPhone-15-128-GB/dp/B0CHH5H7Z7/
2026-02-07 13:04:54,Erro,0.0,Falha,https://www.amazon.com.br/PlayStation-5-Slim-Edi%C3%A7%C3%A3o-Digital/dp/B0CL5KNB9M/
2026-02-07 13:04:54,Erro,0.0,Falha,https://www.amazon.com.br/Apple-iPhone-15-128-GB/dp/B0CHH5H7Z7/
2026-02-07 18:47:13,Erro,0.0,Falha,https://www.amazon.com.br/PlayStation-5-Slim-Edi%C3%A7%C3%A3o-Digital/dp/B0CL5KNB9M/
2026-02-07 18:47:13,Erro,0.0,Falha,https://www.amazon.com.br/Apple-iPhone-15-128-GB/dp/B0CHH5H7Z7/
2026-02-08 03:22:13,Erro,0.0,Falha,https://www.amazon.com.br/PlayStation-5-Slim-Edi%C3%A7%C3%A3o-Digital/dp/B0CL5KNB9M/
2026-02-08 03:22:13,Erro,0.0,Falha,https://www.amazon.com.br/Apple-iPhone-15-128-GB/dp/B0CHH5H7Z7/
2026-02-08 07:00:47,Erro,0.0,Falha,https://www.amazon.com.br/PlayStation-5-Slim-Edi%C3%A7%C3%A3o-Digital/dp/B0CL5KNB9M/
2026-02-08 07:00:47,Erro,0.0,Falha,https://www.amazon.com.br/Apple-iPhone-15-128-GB/dp/B0CHH5H7Z7/
2026-02-08 13:05:42,Erro,0.0,Falha,https://www.amazon.com.br/PlayStation-5-Slim-Edi%C3%A7%C3%A3o-Digital/dp/B0CL5KNB9M/
2026-02-08 13:05:42,Erro,0.0,Falha,https://www.amazon.com.br/Apple-iPhone-15-128-GB/dp/B0CHH5H7Z7/
2026-02-08 18:48:56,Erro,0.0,Falha,https://www.amazon.com.br/PlayStation-5-Slim-Edi%C3%A7%C3%A3o-Digital/dp/B0CL5KNB9M/
2026-02-08 18:48:56,Erro,0.0,Falha,https://www.amazon.com.br/Apple-iPhone-15-128-GB/dp/B0CHH5H7Z7/
2026-02-09 02:50:49,Erro,0.0,Falha,https://www.amazon.com.br/PlayStation-5-Slim-Edi%C3%A7%C3%A3o-Digital/dp/B0CL5KNB9M/
2026-02-09 02:50:49,Erro,0.0,Falha,https://www.amazon.com.br/Apple-iPhone-15-128-GB/dp/B0CHH5H7Z7/
2026-02-09 13:25:27,Erro,0.0,Falha,https://www.amazon.com.br/PlayStation-5-Slim-Edi%C3%A7%C3%A3o-Digital/dp/B0CL5KNB9M/
2026-02-09 13:25:27,Erro,0.0,Falha,https://www.amazon.com.br/Apple-iPhone-15-128-GB/dp/B0CHH5H7Z7/
2026-02-09 19:25:57,Erro,0.0,Falha,https://www.amazon.com.br/PlayStation-5-Slim-Edi%C3%A7%C3%A3o-Digital/dp/B0CL5KNB9M/
2026-02-09 19:25:57,Erro,0.0,Falha,https://www.amazon.com.br/Apple-iPhone-15-128-GB/dp/B0CHH5H7Z7/
2026-02-10 03:15:14,Erro,0.0,Falha,https://www.amazon.com.br/PlayStation-5-Slim-Edi%C3%A7%C3%A3o-Digital/dp/B0CL5KNB9M/
2026-02-10 03:15:14,Erro,0.0,Falha,https://www.amazon.com.br/Apple-iPhone-15-128-GB/dp/B0CHH5H7Z7/
2026-02-10 07:16:15,Erro,0.0,Falha,https://www.amazon.com.br/PlayStation-5-Slim-Edi%C3%A7%C3%A3o-Digital/dp/B0CL5KNB9M/
2026-02-10 07:16:15,Erro,0.0,Falha,https://www.amazon.com.br/Apple-iPhone-15-128-GB/dp/B0CHH5H7Z7/
2026-02-10 13:41:37,Erro,0.0,Falha,https://www.amazon.com.br/PlayStation-5-Slim-Edi%C3%A7%C3%A3o-Digital/dp/B0CL5KNB9M/
2026-02-10 13:41:37,Erro,0.0,Falha,https://www.amazon.com.br/Apple-iPhone-15-128-GB/dp/B0CHH5H7Z7/
2026-02-10 19:15:55,Erro,0.0,Falha,https://www.amazon.com.br/PlayStation-5-Slim-Edi%C3%A7%C3%A3o-Digital/dp/B0CL5KNB9M/
2026-02-10 19:15:55,Erro,0.0,Falha,https://www.amazon.com.br/Apple-iPhone-15-128-GB/dp/B0CHH5H7Z7/
2026-02-11 02:56:45,Erro,0.0,Falha,https://www.amazon.com.br/PlayStation-5-Slim-Edi%C3%A7%C3%A3o-Digital/dp/B0CL5KNB9M/
2026-02-11 02:56:45,Erro,0.0,Falha,https://www.amazon.com.br/Apple-iPhone-15-128-GB/dp/B0CHH5H7Z7/
2026-02-11 07:13:00,Erro,0.0,Falha,https://www.amazon.com.br/PlayStation-5-Slim-Edi%C3%A7%C3%A3o-Digital/dp/B0CL5KNB9M/
2026-02-11 07:13:00,Erro,0.0,Falha,https://www.amazon.com.br/Apple-iPhone-15-128-GB/dp/B0CHH5H7Z7/
2026-02-11 13:26:54,Erro,0.0,Falha,https://www.amazon.com.br/PlayStation-5-Slim-Edi%C3%A7%C3%A3o-Digital/dp/B0CL5KNB9M/
2026-02-11 13:26:54,Erro,0.0,Falha,https://www.amazon.com.br/Apple-iPhone-15-128-GB/dp/B0CHH5H7Z7/
2026-02-11 19:13:06,PlayStation 5 Edição Digital (Slim),169.0,Sucesso,https://www.amazon.com.br/PlayStation-5-Slim-Edi%C3%A7%C3%A3o-Digital/dp/B0CL5KNB9M/
2026-02-11 19:13:06,Erro,0.0,Falha,https://www.amazon.com.br/Apple-iPhone-15-128-GB/dp/B0CHH5H7Z7/
2026-02-12 02:52:48,Erro,0.0,Falha,https://www.amazon.com.br/PlayStation-5-Slim-Edi%C3%A7%C3%A3o-Digital/dp/B0CL5KNB9M/
2026-02-12 02:52:48,Erro,0.0,Falha,https://www.amazon.com.br/Apple-iPhone-15-128-GB/dp/B0CHH5H7Z7/
2026-02-12 07:11:55,PlayStation 5 Edição Digital (Slim),169.0,Sucesso,https://www.amazon.com.br/PlayStation-5-Slim-Edi%C3%A7%C3%A3o-Digital/dp/B0CL5KNB9M/
2026-02-12 07:11:55,Erro,0.0,Falha,https://www.amazon.com.br/Apple-iPhone-15-128-GB/dp/B0CHH5H7Z7/
2026-02-12 13:25:38,Erro,0.0,Falha,https://www.amazon.com.br/PlayStation-5-Slim-Edi%C3%A7%C3%A3o-Digital/dp/B0CL5KNB9M/
2026-02-12 13:25:38,Erro,0.0,Falha,https://www.amazon.com.br/Apple-iPhone-15-128-GB/dp/B0CHH5H7Z7/
2026-02-12 19:12:34,Erro,0.0,Falha,https://www.amazon.com.br/PlayStation-5-Slim-Edi%C3%A7%C3%A3o-Digital/dp/B0CL5KNB9M/
2026-02-12 19:12:34,Erro,0.0,Falha,https://www.amazon.com.br/Apple-iPhone-15-128-GB/dp/B0CHH5H7Z7/
2026-02-13 02:53:00,Erro,0.0,Falha,https://www.amazon.com.br/PlayStation-5-Slim-Edi%C3%A7%C3%A3o-Digital/dp/B0CL5KNB9M/
2026-02-13 02:53:00,Erro,0.0,Falha,https://www.amazon.com.br/Apple-iPhone-15-128-GB/dp/B0CHH5H7Z7/
2026-02-13 07:08:10,Erro,0.0,Falha,https://www.amazon.com.br/PlayStation-5-Slim-Edi%C3%A7%C3%A3o-Digital/dp/B0CL5KNB9M/
2026-02-13 07:08:10,Erro,0.0,Falha,https://www.amazon.com.br/Apple-iPhone-15-128-GB/dp/B0CHH5H7Z7/
2026-02-13 13:17:36,Erro,0.0,Falha,https://www.amazon.com.br/PlayStation-5-Slim-Edi%C3%A7%C3%A3o-Digital/dp/B0CL5KNB9M/
2026-02-13 13:17:36,Erro,0.0,Falha,https://www.amazon.com.br/Apple-iPhone-15-128-GB/dp/B0CHH5H7Z7/
2026-02-13 19:01:00,Erro,0.0,Falha,https://www.amazon.com.br/PlayStation-5-Slim-Edi%C3%A7%C3%A3o-Digital/dp/B0CL5KNB9M/
2026-02-13 19:01:00,Erro,0.0,Falha,https://www.amazon.com.br/Apple-iPhone-15-128-GB/dp/B0CHH5H7Z7/
2026-02-14 02:40:24,Erro,0.0,Falha,https://www.amazon.com.br/PlayStation-5-Slim-Edi%C3%A7%C3%A3o-Digital/dp/B0CL5KNB9M/
2026-02-14 02:40:24,Erro,0.0,Falha,https://www.amazon.com.br/Apple-iPhone-15-128-GB/dp/B0CHH5H7Z7/
2026-02-14 06:56:48,Erro,0.0,Falha,https://www.amazon.com.br/PlayStation-5-Slim-Edi%C3%A7%C3%A3o-Digital/dp/B0CL5KNB9M/
2026-02-14 06:56:48,Erro,0.0,Falha,https://www.amazon.com.br/Apple-iPhone-15-128-GB/dp/B0CHH5H7Z7/
2026-02-14 13:05:00,Erro,0.0,Falha,https://www.amazon.com.br/PlayStation-5-Slim-Edi%C3%A7%C3%A3o-Digital/dp/B0CL5KNB9M/
2026-02-14 13:05:00,Erro,0.0,Falha,https://www.amazon.com.br/Apple-iPhone-15-128-GB/dp/B0CHH5H7Z7/
2026-02-14 18:46:32,Erro,0.0,Falha,https://www.amazon.com.br/PlayStation-5-Slim-Edi%C3%A7%C3%A3o-Digital/dp/B0CL5KNB9M/
2026-02-14 18:46:32,Erro,0.0,Falha,https://www.amazon.com.br/Apple-iPhone-15-128-GB/dp/B0CHH5H7Z7/
2026-02-15 02:54:12,Erro,0.0,Falha,https://www.amazon.com.br/PlayStation-5-Slim-Edi%C3%A7%C3%A3o-Digital/dp/B0CL5KNB9M/
2026-02-15 02:54:12,Erro,0.0,Falha,https://www.amazon.com.br/Apple-iPhone-15-128-GB/dp/B0CHH5H7Z7/
2026-02-15 06:59:30,Erro,0.0,Falha,https://www.amazon.com.br/PlayStation-5-Slim-Edi%C3%A7%C3%A3o-Digital/dp/B0CL5KNB9M/
2026-02-15 06:59:30,Erro,0.0,Falha,https://www.amazon.com.br/Apple-iPhone-15-128-GB/dp/B0CHH5H7Z7/
2026-02-15 13:06:44,Erro,0.0,Falha,https://www.amazon.com.br/PlayStation-5-Slim-Edi%C3%A7%C3%A3o-Digital/dp/B0CL5KNB9M/
2026-02-15 13:06:44,Erro,0.0,Falha,https://www.amazon.com.br/Apple-iPhone-15-128-GB/dp/B0CHH5H7Z7/
2026-02-15 18:48:04,Erro,0.0,Falha,https://www.amazon.com.br/PlayStation-5-Slim-Edi%C3%A7%C3%A3o-Digital/dp/B0CL5KNB9M/
2026-02-15 18:48:04,Erro,0.0,Falha,https://www.amazon.com.br/Apple-iPhone-15-128-GB/dp/B0CHH5H7Z7/
2026-02-16 02:49:40,Erro,0.0,Falha,https://www.amazon.com.br/PlayStation-5-Slim-Edi%C3%A7%C3%A3o-Digital/dp/B0CL5KNB9M/
2026-02-16 02:49:40,Erro,0.0,Falha,https://www.amazon.com.br/Apple-iPhone-15-128-GB/dp/B0CHH5H7Z7/
2026-02-16 07:14:19,PlayStation 5 Edição Digital (Slim),169.0,Sucesso,https://www.amazon.com.br/PlayStation-5-Slim-Edi%C3%A7%C3%A3o-Digital/dp/B0CL5KNB9M/
2026-02-16 07:14:19,Erro,0.0,Falha,https://www.amazon.com.br/Apple-iPhone-15-128-GB/dp/B0CHH5H7Z7/
2026-02-16 13:20:05,Erro,0.0,Falha,https://www.amazon.com.br/PlayStation-5-Slim-Edi%C3%A7%C3%A3o-Digital/dp/B0CL5KNB9M/
2026-02-16 13:20:05,Erro,0.0,Falha,https://www.amazon.com.br/Apple-iPhone-15-128-GB/dp/B0CHH5H7Z7/
2026-02-16 18:55:33,PlayStation 5 Edição Digital (Slim),169.0,Sucesso,https://www.amazon.com.br/PlayStation-5-Slim-Edi%C3%A7%C3%A3o-Digital/dp/B0CL5KNB9M/
2026-02-16 18:55:33,Erro,0.0,Falha,https://www.amazon.com.br/Apple-iPhone-15-128-GB/dp/B0CHH5H7Z7/
2026-02-17 02:45:44,Erro,0.0,Falha,https://www.amazon.com.br/PlayStation-5-Slim-Edi%C3%A7%C3%A3o-Digital/dp/B0CL5KNB9M/
2026-02-17 02:45:44,Erro,0.0,Falha,https://www.amazon.com.br/Apple-iPhone-15-128-GB/dp/B0CHH5H7Z7/
2026-02-17 07:08:39,Erro,0.0,Falha,https://www.amazon.com.br/PlayStation-5-Slim-Edi%C3%A7%C3%A3o-Digital/dp/B0CL5KNB9M/
2026-02-17 07:08:39,Erro,0.0,Falha,https://www.amazon.com.br/Apple-iPhone-15-128-GB/dp/B0CHH5H7Z7/
2026-02-17 13:20:32,Erro,0.0,Falha,https://www.amazon.com.br/PlayStation-5-Slim-Edi%C3%A7%C3%A3o-Digital/dp/B0CL5KNB9M/
2026-02-17 13:20:32,Erro,0.0,Falha,https://www.amazon.com.br/Apple-iPhone-15-128-GB/dp/B0CHH5H7Z7/
2026-02-17 19:07:22,Erro,0.0,Falha,https://www.amazon.com.br/PlayStation-5-Slim-Edi%C3%A7%C3%A3o-Digital/dp/B0CL5KNB9M/
2026-02-17 19:07:22,Erro,0.0,Falha,https://www.amazon.com.br/Apple-iPhone-15-128-GB/dp/B0CHH5H7Z7/
2026-02-18 02:49:08,PlayStation 5 Edição Digital (Slim),349.0,Sucesso,https://www.amazon.com.br/PlayStation-5-Slim-Edi%C3%A7%C3%A3o-Digital/dp/B0CL5KNB9M/
2026-02-18 02:49:08,Erro,0.0,Falha,https://www.amazon.com.br/Apple-iPhone-15-128-GB/dp/B0CHH5H7Z7/
2026-02-18 07:10:58,Erro,0.0,Falha,https://www.amazon.com.br/PlayStation-5-Slim-Edi%C3%A7%C3%A3o-Digital/dp/B0CL5KNB9M/
2026-02-18 07:10:58,Erro,0.0,Falha,https://www.amazon.com.br/Apple-iPhone-15-128-GB/dp/B0CHH5H7Z7/
2026-02-18 13:22:15,Erro,0.0,Falha,https://www.amazon.com.br/PlayStation-5-Slim-Edi%C3%A7%C3%A3o-Digital/dp/B0CL5KNB9M/
2026-02-18 13:22:15,Erro,0.0,Falha,https://www.amazon.com.br/Apple-iPhone-15-128-GB/dp/B0CHH5H7Z7/
2026-02-18 19:05:29,Erro,0.0,Falha,https://www.amazon.com.br/PlayStation-5-Slim-Edi%C3%A7%C3%A3o-Digital/dp/B0CL5KNB9M/
2026-02-18 19:05:29,Erro,0.0,Falha,https://www.amazon.com.br/Apple-iPhone-15-128-GB/dp/B0CHH5H7Z7/
2026-02-19 02:48:14,Erro,0.0,Falha,https://www.amazon.com.br/PlayStation-5-Slim-Edi%C3%A7%C3%A3o-Digital/dp/B0CL5KNB9M/
2026-02-19 02:48:14,Erro,0.0,Falha,https://www.amazon.com.br/Apple-iPhone-15-128-GB/dp/B0CHH5H7Z7/
2026-02-19 07:10:00,Erro,0.0,Falha,https://www.amazon.com.br/PlayStation-5-Slim-Edi%C3%A7%C3%A3o-Digital/dp/B0CL5KNB9M/
2026-02-19 07:10:00,Erro,0.0,Falha,https://www.amazon.com.br/Apple-iPhone-15-128-GB/dp/B0CHH5H7Z7/
2026-02-19 13:23:40,Erro,0.0,Falha,https://www.amazon.com.br/PlayStation-5-Slim-Edi%C3%A7%C3%A3o-Digital/dp/B0CL5KNB9M/
2026-02-19 13:23:40,Erro,0.0,Falha,https://www.amazon.com.br/Apple-iPhone-15-128-GB/dp/B0CHH5H7Z7/
2026-02-19 19:00:48,Erro,0.0,Falha,https://www.amazon.com.br/PlayStation-5-Slim-Edi%C3%A7%C3%A3o-Digital/dp/B0CL5KNB9M/
2026-02-19 19:00:48,Erro,0.0,Falha,https://www.amazon.com.br/Apple-iPhone-15-128-GB/dp/B0CHH5H7Z7/
2026-02-20 02:42:52,PlayStation 5 Edição Digital (Slim),349.0,Sucesso,https://www.amazon.com.br/PlayStation-5-Slim-Edi%C3%A7%C3%A3o-Digital/dp/B0CL5KNB9M/
2026-02-20 02:42:52,Erro,0.0,Falha,https://www.amazon.com.br/Apple-iPhone-15-128-GB/dp/B0CHH5H7Z7/
2026-02-20 07:05:56,Erro,0.0,Falha,https://www.amazon.com.br/PlayStation-5-Slim-Edi%C3%A7%C3%A3o-Digital/dp/B0CL5KNB9M/
2026-02-20 07:05:56,Erro,0.0,Falha,https://www.amazon.com.br/Apple-iPhone-15-128-GB/dp/B0CHH5H7Z7/
2026-02-20 13:14:44,Erro,0.0,Falha,https://www.amazon.com.br/PlayStation-5-Slim-Edi%C3%A7%C3%A3o-Digital/dp/B0CL5KNB9M/
2026-02-20 13:14:44,Erro,0.0,Falha,https://www.amazon.com.br/Apple-iPhone-15-128-GB/dp/B0CHH5H7Z7/
2026-02-20 18:58:38,Erro,0.0,Falha,https://www.amazon.com.br/PlayStation-5-Slim-Edi%C3%A7%C3%A3o-Digital/dp/B0CL5KNB9M/
2026-02-20 18:58:38,Erro,0.0,Falha,https://www.amazon.com.br/Apple-iPhone-15-128-GB/dp/B0CHH5H7Z7/
2026-02-21 02:36:12,Erro,0.0,Falha,https://www.amazon.com.br/PlayStation-5-Slim-Edi%C3%A7%C3%A3o-Digital/dp/B0CL5KNB9M/
2026-02-21 02:36:12,Erro,0.0,Falha,https://www.amazon.com.br/Apple-iPhone-15-128-GB/dp/B0CHH5H7Z7/
2026-02-21 06:53:42,PlayStation 5 Edição Digital (Slim),349.0,Sucesso,https://www.amazon.com.br/PlayStation-5-Slim-Edi%C3%A7%C3%A3o-Digital/dp/B0CL5KNB9M/
2026-02-21 06:53:42,Erro,0.0,Falha,https://www.amazon.com.br/Apple-iPhone-15-128-GB/dp/B0CHH5H7Z7/
